timestamp,Z,Zscale,timestamp1
2018-07-11 09:04:00.006,0.785156,0.039606,2018-07-11 09:04:00
2018-07-11 09:04:00.045,0.78125,-0.07135,2018-07-11 09:04:00
2018-07-11 09:04:00.084,0.785156,0.039606,2018-07-11 09:04:00
2018-07-11 09:04:00.124,0.792969,0.261546,2018-07-11 09:04:00
2018-07-11 09:04:00.163,0.785156,0.039606,2018-07-11 09:04:00
2018-07-11 09:04:00.202,0.773438,-0.293261,2018-07-11 09:04:00
2018-07-11 09:04:00.242,0.785156,0.039606,2018-07-11 09:04:00
2018-07-11 09:04:00.281,0.792969,0.261546,2018-07-11 09:04:00
2018-07-11 09:04:00.320,0.789063,0.15059,2018-07-11 09:04:00
2018-07-11 09:04:00.360,0.777344,-0.182306,2018-07-11 09:04:00
2018-07-11 09:04:00.399,0.761719,-0.626157,2018-07-11 09:04:00
2018-07-11 09:04:00.438,0.75,-0.959053,2018-07-11 09:04:00
2018-07-11 09:04:00.478,0.710938,-2.068667,2018-07-11 09:04:00
2018-07-11 09:04:00.517,0.675781,-3.067354,2018-07-11 09:04:00
2018-07-11 09:04:00.556,0.667969,-3.289266,2018-07-11 09:04:00
2018-07-11 09:04:00.596,0.683594,-2.845414,2018-07-11 09:04:00
2018-07-11 09:04:00.635,0.695313,-2.512519,2018-07-11 09:04:00
2018-07-11 09:04:00.674,0.707031,-2.179651,2018-07-11 09:04:00
2018-07-11 09:04:00.714,0.726563,-1.624816,2018-07-11 09:04:00
2018-07-11 09:04:00.753,0.714844,-1.957711,2018-07-11 09:04:00
2018-07-11 09:04:00.792,0.707031,-2.179651,2018-07-11 09:04:00
2018-07-11 09:04:00.832,0.710938,-2.068667,2018-07-11 09:04:00
2018-07-11 09:04:00.871,0.714844,-1.957711,2018-07-11 09:04:00
2018-07-11 09:04:00.910,0.71875,-1.846756,2018-07-11 09:04:00
2018-07-11 09:04:00.950,0.730469,-1.51386,2018-07-11 09:04:00
2018-07-11 09:04:00.989,0.730469,-1.51386,2018-07-11 09:04:00
2018-07-11 09:04:01.028,0.738281,-1.291948,2018-07-11 09:04:01
2018-07-11 09:04:01.068,0.734375,-1.402904,2018-07-11 09:04:01
2018-07-11 09:04:01.107,0.738281,-1.291948,2018-07-11 09:04:01
2018-07-11 09:04:01.146,0.75,-0.959053,2018-07-11 09:04:01
2018-07-11 09:04:01.186,0.746094,-1.070009,2018-07-11 09:04:01
2018-07-11 09:04:01.225,0.75,-0.959053,2018-07-11 09:04:01
2018-07-11 09:04:01.264,0.753906,-0.848097,2018-07-11 09:04:01
2018-07-11 09:04:01.304,0.75,-0.959053,2018-07-11 09:04:01
2018-07-11 09:04:01.343,0.757813,-0.737113,2018-07-11 09:04:01
2018-07-11 09:04:01.382,0.765625,-0.515201,2018-07-11 09:04:01
2018-07-11 09:04:01.422,0.757813,-0.737113,2018-07-11 09:04:01
2018-07-11 09:04:01.461,0.765625,-0.515201,2018-07-11 09:04:01
2018-07-11 09:04:01.500,0.769531,-0.404246,2018-07-11 09:04:01
2018-07-11 09:04:01.540,0.769531,-0.404246,2018-07-11 09:04:01
2018-07-11 09:04:01.579,0.773438,-0.293261,2018-07-11 09:04:01
2018-07-11 09:04:01.618,0.773438,-0.293261,2018-07-11 09:04:01
2018-07-11 09:04:01.658,0.78125,-0.07135,2018-07-11 09:04:01
2018-07-11 09:04:01.697,0.777344,-0.182306,2018-07-11 09:04:01
2018-07-11 09:04:01.736,0.777344,-0.182306,2018-07-11 09:04:01
2018-07-11 09:04:01.776,0.78125,-0.07135,2018-07-11 09:04:01
2018-07-11 09:04:01.815,0.78125,-0.07135,2018-07-11 09:04:01
2018-07-11 09:04:01.854,0.78125,-0.07135,2018-07-11 09:04:01
2018-07-11 09:04:01.894,0.785156,0.039606,2018-07-11 09:04:01
2018-07-11 09:04:01.933,0.777344,-0.182306,2018-07-11 09:04:01
2018-07-11 09:04:01.972,0.777344,-0.182306,2018-07-11 09:04:01
2018-07-11 09:04:02.012,0.785156,0.039606,2018-07-11 09:04:02
2018-07-11 09:04:02.051,0.792969,0.261546,2018-07-11 09:04:02
2018-07-11 09:04:02.090,0.785156,0.039606,2018-07-11 09:04:02
2018-07-11 09:04:02.130,0.785156,0.039606,2018-07-11 09:04:02
2018-07-11 09:04:02.169,0.789063,0.15059,2018-07-11 09:04:02
2018-07-11 09:04:02.208,0.78125,-0.07135,2018-07-11 09:04:02
2018-07-11 09:04:02.248,0.78125,-0.07135,2018-07-11 09:04:02
2018-07-11 09:04:02.287,0.792969,0.261546,2018-07-11 09:04:02
2018-07-11 09:04:02.326,0.789063,0.15059,2018-07-11 09:04:02
2018-07-11 09:04:02.366,0.789063,0.15059,2018-07-11 09:04:02
2018-07-11 09:04:02.405,0.785156,0.039606,2018-07-11 09:04:02
2018-07-11 09:04:02.444,0.789063,0.15059,2018-07-11 09:04:02
2018-07-11 09:04:02.484,0.78125,-0.07135,2018-07-11 09:04:02
2018-07-11 09:04:02.523,0.78125,-0.07135,2018-07-11 09:04:02
2018-07-11 09:04:02.562,0.789063,0.15059,2018-07-11 09:04:02
2018-07-11 09:04:02.602,0.785156,0.039606,2018-07-11 09:04:02
2018-07-11 09:04:02.641,0.78125,-0.07135,2018-07-11 09:04:02
2018-07-11 09:04:02.680,0.785156,0.039606,2018-07-11 09:04:02
2018-07-11 09:04:02.720,0.785156,0.039606,2018-07-11 09:04:02
2018-07-11 09:04:02.759,0.78125,-0.07135,2018-07-11 09:04:02
2018-07-11 09:04:02.798,0.785156,0.039606,2018-07-11 09:04:02
2018-07-11 09:04:02.838,0.785156,0.039606,2018-07-11 09:04:02
2018-07-11 09:04:02.877,0.785156,0.039606,2018-07-11 09:04:02
2018-07-11 09:04:02.916,0.785156,0.039606,2018-07-11 09:04:02
2018-07-11 09:04:02.956,0.789063,0.15059,2018-07-11 09:04:02
2018-07-11 09:04:02.995,0.785156,0.039606,2018-07-11 09:04:02
2018-07-11 09:04:03.034,0.792969,0.261546,2018-07-11 09:04:03
2018-07-11 09:04:03.074,0.785156,0.039606,2018-07-11 09:04:03
2018-07-11 09:04:03.113,0.792969,0.261546,2018-07-11 09:04:03
2018-07-11 09:04:03.152,0.785156,0.039606,2018-07-11 09:04:03
2018-07-11 09:04:03.192,0.78125,-0.07135,2018-07-11 09:04:03
2018-07-11 09:04:03.231,0.789063,0.15059,2018-07-11 09:04:03
2018-07-11 09:04:03.270,0.789063,0.15059,2018-07-11 09:04:03
2018-07-11 09:04:03.310,0.785156,0.039606,2018-07-11 09:04:03
2018-07-11 09:04:03.349,0.78125,-0.07135,2018-07-11 09:04:03
2018-07-11 09:04:03.388,0.789063,0.15059,2018-07-11 09:04:03
2018-07-11 09:04:03.428,0.785156,0.039606,2018-07-11 09:04:03
2018-07-11 09:04:03.467,0.785156,0.039606,2018-07-11 09:04:03
2018-07-11 09:04:03.506,0.785156,0.039606,2018-07-11 09:04:03
2018-07-11 09:04:03.546,0.792969,0.261546,2018-07-11 09:04:03
2018-07-11 09:04:03.585,0.78125,-0.07135,2018-07-11 09:04:03
2018-07-11 09:04:03.624,0.785156,0.039606,2018-07-11 09:04:03
2018-07-11 09:04:03.664,0.777344,-0.182306,2018-07-11 09:04:03
2018-07-11 09:04:03.703,0.785156,0.039606,2018-07-11 09:04:03
2018-07-11 09:04:03.742,0.789063,0.15059,2018-07-11 09:04:03
2018-07-11 09:04:03.782,0.789063,0.15059,2018-07-11 09:04:03
2018-07-11 09:04:03.821,0.785156,0.039606,2018-07-11 09:04:03
2018-07-11 09:04:03.860,0.785156,0.039606,2018-07-11 09:04:03
2018-07-11 09:04:03.900,0.785156,0.039606,2018-07-11 09:04:03
2018-07-11 09:04:03.939,0.78125,-0.07135,2018-07-11 09:04:03
2018-07-11 09:04:03.978,0.785156,0.039606,2018-07-11 09:04:03
2018-07-11 09:04:04.018,0.785156,0.039606,2018-07-11 09:04:04
2018-07-11 09:04:04.057,0.785156,0.039606,2018-07-11 09:04:04
2018-07-11 09:04:04.096,0.78125,-0.07135,2018-07-11 09:04:04
2018-07-11 09:04:04.136,0.785156,0.039606,2018-07-11 09:04:04
2018-07-11 09:04:04.175,0.789063,0.15059,2018-07-11 09:04:04
2018-07-11 09:04:04.214,0.765625,-0.515201,2018-07-11 09:04:04
2018-07-11 09:04:04.254,0.742188,-1.180964,2018-07-11 09:04:04
2018-07-11 09:04:04.293,0.726563,-1.624816,2018-07-11 09:04:04
2018-07-11 09:04:04.332,0.734375,-1.402904,2018-07-11 09:04:04
2018-07-11 09:04:04.372,0.746094,-1.070009,2018-07-11 09:04:04
2018-07-11 09:04:04.411,0.753906,-0.848097,2018-07-11 09:04:04
2018-07-11 09:04:04.450,0.761719,-0.626157,2018-07-11 09:04:04
2018-07-11 09:04:04.490,0.769531,-0.404246,2018-07-11 09:04:04
2018-07-11 09:04:04.529,0.796875,0.372502,2018-07-11 09:04:04
2018-07-11 09:04:04.568,0.796875,0.372502,2018-07-11 09:04:04
2018-07-11 09:04:04.608,0.800781,0.483457,2018-07-11 09:04:04
2018-07-11 09:04:04.647,0.785156,0.039606,2018-07-11 09:04:04
2018-07-11 09:04:04.686,0.777344,-0.182306,2018-07-11 09:04:04
2018-07-11 09:04:04.726,0.769531,-0.404246,2018-07-11 09:04:04
2018-07-11 09:04:04.765,0.789063,0.15059,2018-07-11 09:04:04
2018-07-11 09:04:04.804,0.789063,0.15059,2018-07-11 09:04:04
2018-07-11 09:04:04.844,0.78125,-0.07135,2018-07-11 09:04:04
2018-07-11 09:04:04.883,0.78125,-0.07135,2018-07-11 09:04:04
2018-07-11 09:04:04.922,0.785156,0.039606,2018-07-11 09:04:04
2018-07-11 09:04:04.962,0.773438,-0.293261,2018-07-11 09:04:04
2018-07-11 09:04:05.001,0.785156,0.039606,2018-07-11 09:04:05
2018-07-11 09:04:05.040,0.785156,0.039606,2018-07-11 09:04:05
2018-07-11 09:04:05.080,0.78125,-0.07135,2018-07-11 09:04:05
2018-07-11 09:04:05.119,0.78125,-0.07135,2018-07-11 09:04:05
2018-07-11 09:04:05.159,0.792969,0.261546,2018-07-11 09:04:05
2018-07-11 09:04:05.199,0.785156,0.039606,2018-07-11 09:04:05
2018-07-11 09:04:05.238,0.785156,0.039606,2018-07-11 09:04:05
2018-07-11 09:04:05.278,0.785156,0.039606,2018-07-11 09:04:05
2018-07-11 09:04:05.318,0.785156,0.039606,2018-07-11 09:04:05
2018-07-11 09:04:05.357,0.78125,-0.07135,2018-07-11 09:04:05
2018-07-11 09:04:05.397,0.789063,0.15059,2018-07-11 09:04:05
2018-07-11 09:04:05.437,0.78125,-0.07135,2018-07-11 09:04:05
2018-07-11 09:04:05.476,0.78125,-0.07135,2018-07-11 09:04:05
2018-07-11 09:04:05.516,0.785156,0.039606,2018-07-11 09:04:05
2018-07-11 09:04:05.556,0.785156,0.039606,2018-07-11 09:04:05
2018-07-11 09:04:05.595,0.78125,-0.07135,2018-07-11 09:04:05
2018-07-11 09:04:05.635,0.785156,0.039606,2018-07-11 09:04:05
2018-07-11 09:04:05.675,0.789063,0.15059,2018-07-11 09:04:05
2018-07-11 09:04:05.714,0.777344,-0.182306,2018-07-11 09:04:05
2018-07-11 09:04:05.754,0.785156,0.039606,2018-07-11 09:04:05
2018-07-11 09:04:05.794,0.78125,-0.07135,2018-07-11 09:04:05
2018-07-11 09:04:05.833,0.78125,-0.07135,2018-07-11 09:04:05
2018-07-11 09:04:05.873,0.78125,-0.07135,2018-07-11 09:04:05
2018-07-11 09:04:05.913,0.78125,-0.07135,2018-07-11 09:04:05
2018-07-11 09:04:05.952,0.785156,0.039606,2018-07-11 09:04:05
2018-07-11 09:04:05.992,0.785156,0.039606,2018-07-11 09:04:05
2018-07-11 09:04:06.032,0.78125,-0.07135,2018-07-11 09:04:06
2018-07-11 09:04:06.071,0.789063,0.15059,2018-07-11 09:04:06
2018-07-11 09:04:06.111,0.785156,0.039606,2018-07-11 09:04:06
2018-07-11 09:04:06.151,0.785156,0.039606,2018-07-11 09:04:06
2018-07-11 09:04:06.190,0.785156,0.039606,2018-07-11 09:04:06
2018-07-11 09:04:06.230,0.785156,0.039606,2018-07-11 09:04:06
2018-07-11 09:04:06.270,0.785156,0.039606,2018-07-11 09:04:06
2018-07-11 09:04:06.309,0.777344,-0.182306,2018-07-11 09:04:06
2018-07-11 09:04:06.349,0.773438,-0.293261,2018-07-11 09:04:06
2018-07-11 09:04:06.389,0.78125,-0.07135,2018-07-11 09:04:06
2018-07-11 09:04:06.428,0.789063,0.15059,2018-07-11 09:04:06
2018-07-11 09:04:06.468,0.789063,0.15059,2018-07-11 09:04:06
2018-07-11 09:04:06.508,0.789063,0.15059,2018-07-11 09:04:06
2018-07-11 09:04:06.547,0.769531,-0.404246,2018-07-11 09:04:06
2018-07-11 09:04:06.587,0.761719,-0.626157,2018-07-11 09:04:06
2018-07-11 09:04:06.627,0.757813,-0.737113,2018-07-11 09:04:06
2018-07-11 09:04:06.666,0.765625,-0.515201,2018-07-11 09:04:06
2018-07-11 09:04:06.706,0.78125,-0.07135,2018-07-11 09:04:06
2018-07-11 09:04:06.746,0.804688,0.594442,2018-07-11 09:04:06
2018-07-11 09:04:06.785,0.847656,1.815012,2018-07-11 09:04:06
2018-07-11 09:04:06.825,0.851563,1.925996,2018-07-11 09:04:06
2018-07-11 09:04:06.865,0.816406,0.927309,2018-07-11 09:04:06
2018-07-11 09:04:06.904,0.765625,-0.515201,2018-07-11 09:04:06
2018-07-11 09:04:06.944,0.738281,-1.291948,2018-07-11 09:04:06
2018-07-11 09:04:06.984,0.75,-0.959053,2018-07-11 09:04:06
2018-07-11 09:04:07.023,0.769531,-0.404246,2018-07-11 09:04:07
2018-07-11 09:04:07.063,0.804688,0.594442,2018-07-11 09:04:07
2018-07-11 09:04:07.103,0.824219,1.149249,2018-07-11 09:04:07
2018-07-11 09:04:07.142,0.816406,0.927309,2018-07-11 09:04:07
2018-07-11 09:04:07.182,0.789063,0.15059,2018-07-11 09:04:07
2018-07-11 09:04:07.222,0.761719,-0.626157,2018-07-11 09:04:07
2018-07-11 09:04:07.261,0.746094,-1.070009,2018-07-11 09:04:07
2018-07-11 09:04:07.301,0.773438,-0.293261,2018-07-11 09:04:07
2018-07-11 09:04:07.341,0.792969,0.261546,2018-07-11 09:04:07
2018-07-11 09:04:07.380,0.804688,0.594442,2018-07-11 09:04:07
2018-07-11 09:04:07.420,0.8125,0.816353,2018-07-11 09:04:07
2018-07-11 09:04:07.460,0.792969,0.261546,2018-07-11 09:04:07
2018-07-11 09:04:07.499,0.777344,-0.182306,2018-07-11 09:04:07
2018-07-11 09:04:07.539,0.765625,-0.515201,2018-07-11 09:04:07
2018-07-11 09:04:07.579,0.777344,-0.182306,2018-07-11 09:04:07
2018-07-11 09:04:07.618,0.78125,-0.07135,2018-07-11 09:04:07
2018-07-11 09:04:07.658,0.792969,0.261546,2018-07-11 09:04:07
2018-07-11 09:04:07.697,0.792969,0.261546,2018-07-11 09:04:07
2018-07-11 09:04:07.737,0.78125,-0.07135,2018-07-11 09:04:07
2018-07-11 09:04:07.777,0.78125,-0.07135,2018-07-11 09:04:07
2018-07-11 09:04:07.817,0.777344,-0.182306,2018-07-11 09:04:07
2018-07-11 09:04:07.856,0.785156,0.039606,2018-07-11 09:04:07
2018-07-11 09:04:07.896,0.789063,0.15059,2018-07-11 09:04:07
2018-07-11 09:04:07.936,0.78125,-0.07135,2018-07-11 09:04:07
2018-07-11 09:04:07.975,0.789063,0.15059,2018-07-11 09:04:07
2018-07-11 09:04:08.015,0.789063,0.15059,2018-07-11 09:04:08
2018-07-11 09:04:08.055,0.777344,-0.182306,2018-07-11 09:04:08
2018-07-11 09:04:08.094,0.78125,-0.07135,2018-07-11 09:04:08
2018-07-11 09:04:08.134,0.78125,-0.07135,2018-07-11 09:04:08
2018-07-11 09:04:08.173,0.785156,0.039606,2018-07-11 09:04:08
2018-07-11 09:04:08.213,0.789063,0.15059,2018-07-11 09:04:08
2018-07-11 09:04:08.253,0.789063,0.15059,2018-07-11 09:04:08
2018-07-11 09:04:08.293,0.78125,-0.07135,2018-07-11 09:04:08
2018-07-11 09:04:08.332,0.785156,0.039606,2018-07-11 09:04:08
2018-07-11 09:04:08.372,0.78125,-0.07135,2018-07-11 09:04:08
2018-07-11 09:04:08.412,0.789063,0.15059,2018-07-11 09:04:08
2018-07-11 09:04:08.451,0.785156,0.039606,2018-07-11 09:04:08
2018-07-11 09:04:08.491,0.785156,0.039606,2018-07-11 09:04:08
2018-07-11 09:04:08.531,0.78125,-0.07135,2018-07-11 09:04:08
2018-07-11 09:04:08.570,0.78125,-0.07135,2018-07-11 09:04:08
2018-07-11 09:04:08.610,0.78125,-0.07135,2018-07-11 09:04:08
2018-07-11 09:04:08.649,0.785156,0.039606,2018-07-11 09:04:08
2018-07-11 09:04:08.689,0.785156,0.039606,2018-07-11 09:04:08
2018-07-11 09:04:08.729,0.78125,-0.07135,2018-07-11 09:04:08
2018-07-11 09:04:08.769,0.78125,-0.07135,2018-07-11 09:04:08
2018-07-11 09:04:08.808,0.785156,0.039606,2018-07-11 09:04:08
2018-07-11 09:04:08.848,0.78125,-0.07135,2018-07-11 09:04:08
2018-07-11 09:04:08.888,0.785156,0.039606,2018-07-11 09:04:08
2018-07-11 09:04:08.927,0.785156,0.039606,2018-07-11 09:04:08
2018-07-11 09:04:08.967,0.789063,0.15059,2018-07-11 09:04:08
2018-07-11 09:04:09.006,0.78125,-0.07135,2018-07-11 09:04:09
2018-07-11 09:04:09.046,0.777344,-0.182306,2018-07-11 09:04:09
2018-07-11 09:04:09.086,0.78125,-0.07135,2018-07-11 09:04:09
2018-07-11 09:04:09.126,0.78125,-0.07135,2018-07-11 09:04:09
2018-07-11 09:04:09.165,0.78125,-0.07135,2018-07-11 09:04:09
2018-07-11 09:04:09.205,0.785156,0.039606,2018-07-11 09:04:09
2018-07-11 09:04:09.244,0.785156,0.039606,2018-07-11 09:04:09
2018-07-11 09:04:09.284,0.789063,0.15059,2018-07-11 09:04:09
2018-07-11 09:04:09.324,0.78125,-0.07135,2018-07-11 09:04:09
2018-07-11 09:04:09.364,0.785156,0.039606,2018-07-11 09:04:09
2018-07-11 09:04:09.403,0.785156,0.039606,2018-07-11 09:04:09
2018-07-11 09:04:09.443,0.785156,0.039606,2018-07-11 09:04:09
2018-07-11 09:04:09.482,0.785156,0.039606,2018-07-11 09:04:09
2018-07-11 09:04:09.522,0.78125,-0.07135,2018-07-11 09:04:09
2018-07-11 09:04:09.562,0.78125,-0.07135,2018-07-11 09:04:09
2018-07-11 09:04:09.602,0.78125,-0.07135,2018-07-11 09:04:09
2018-07-11 09:04:09.641,0.78125,-0.07135,2018-07-11 09:04:09
2018-07-11 09:04:09.681,0.785156,0.039606,2018-07-11 09:04:09
2018-07-11 09:04:09.721,0.78125,-0.07135,2018-07-11 09:04:09
2018-07-11 09:04:09.760,0.785156,0.039606,2018-07-11 09:04:09
2018-07-11 09:04:09.800,0.785156,0.039606,2018-07-11 09:04:09
2018-07-11 09:04:09.840,0.789063,0.15059,2018-07-11 09:04:09
2018-07-11 09:04:09.879,0.777344,-0.182306,2018-07-11 09:04:09
2018-07-11 09:04:09.918,0.78125,-0.07135,2018-07-11 09:04:09
2018-07-11 09:04:09.958,0.785156,0.039606,2018-07-11 09:04:09
2018-07-11 09:04:09.997,0.789063,0.15059,2018-07-11 09:04:09
2018-07-11 09:04:10.036,0.78125,-0.07135,2018-07-11 09:04:10
2018-07-11 09:04:10.076,0.785156,0.039606,2018-07-11 09:04:10
2018-07-11 09:04:10.115,0.78125,-0.07135,2018-07-11 09:04:10
2018-07-11 09:04:10.154,0.785156,0.039606,2018-07-11 09:04:10
2018-07-11 09:04:10.194,0.785156,0.039606,2018-07-11 09:04:10
2018-07-11 09:04:10.233,0.789063,0.15059,2018-07-11 09:04:10
2018-07-11 09:04:10.272,0.789063,0.15059,2018-07-11 09:04:10
2018-07-11 09:04:10.312,0.78125,-0.07135,2018-07-11 09:04:10
2018-07-11 09:04:10.351,0.777344,-0.182306,2018-07-11 09:04:10
2018-07-11 09:04:10.390,0.78125,-0.07135,2018-07-11 09:04:10
2018-07-11 09:04:10.430,0.785156,0.039606,2018-07-11 09:04:10
2018-07-11 09:04:10.469,0.789063,0.15059,2018-07-11 09:04:10
2018-07-11 09:04:10.508,0.785156,0.039606,2018-07-11 09:04:10
2018-07-11 09:04:10.548,0.785156,0.039606,2018-07-11 09:04:10
2018-07-11 09:04:10.587,0.789063,0.15059,2018-07-11 09:04:10
2018-07-11 09:04:10.626,0.824219,1.149249,2018-07-11 09:04:10
2018-07-11 09:04:10.666,0.894531,3.146566,2018-07-11 09:04:10
2018-07-11 09:04:10.705,0.933594,4.256209,2018-07-11 09:04:10
2018-07-11 09:04:10.744,0.9375,4.367165,2018-07-11 09:04:10
2018-07-11 09:04:10.784,0.921875,3.923313,2018-07-11 09:04:10
2018-07-11 09:04:10.823,0.90625,3.479462,2018-07-11 09:04:10
2018-07-11 09:04:10.862,0.894531,3.146566,2018-07-11 09:04:10
2018-07-11 09:04:10.902,0.890625,3.035611,2018-07-11 09:04:10
2018-07-11 09:04:10.941,0.902344,3.368506,2018-07-11 09:04:10
2018-07-11 09:04:10.980,0.898438,3.25755,2018-07-11 09:04:10
2018-07-11 09:04:11.020,0.894531,3.146566,2018-07-11 09:04:11
2018-07-11 09:04:11.059,0.898438,3.25755,2018-07-11 09:04:11
2018-07-11 09:04:11.098,0.890625,3.035611,2018-07-11 09:04:11
2018-07-11 09:04:11.138,0.886719,2.924655,2018-07-11 09:04:11
2018-07-11 09:04:11.177,0.886719,2.924655,2018-07-11 09:04:11
2018-07-11 09:04:11.216,0.875,2.591759,2018-07-11 09:04:11
2018-07-11 09:04:11.256,0.871094,2.480803,2018-07-11 09:04:11
2018-07-11 09:04:11.295,0.863281,2.258863,2018-07-11 09:04:11
2018-07-11 09:04:11.334,0.84375,1.704056,2018-07-11 09:04:11
2018-07-11 09:04:11.374,0.816406,0.927309,2018-07-11 09:04:11
2018-07-11 09:04:11.413,0.804688,0.594442,2018-07-11 09:04:11
2018-07-11 09:04:11.452,0.78125,-0.07135,2018-07-11 09:04:11
2018-07-11 09:04:11.492,0.773438,-0.293261,2018-07-11 09:04:11
2018-07-11 09:04:11.531,0.78125,-0.07135,2018-07-11 09:04:11
2018-07-11 09:04:11.570,0.792969,0.261546,2018-07-11 09:04:11
2018-07-11 09:04:11.610,0.785156,0.039606,2018-07-11 09:04:11
2018-07-11 09:04:11.649,0.777344,-0.182306,2018-07-11 09:04:11
2018-07-11 09:04:11.688,0.785156,0.039606,2018-07-11 09:04:11
2018-07-11 09:04:11.728,0.78125,-0.07135,2018-07-11 09:04:11
2018-07-11 09:04:11.767,0.78125,-0.07135,2018-07-11 09:04:11
2018-07-11 09:04:11.806,0.785156,0.039606,2018-07-11 09:04:11
2018-07-11 09:04:11.846,0.78125,-0.07135,2018-07-11 09:04:11
2018-07-11 09:04:11.885,0.785156,0.039606,2018-07-11 09:04:11
2018-07-11 09:04:11.924,0.789063,0.15059,2018-07-11 09:04:11
2018-07-11 09:04:11.964,0.792969,0.261546,2018-07-11 09:04:11
2018-07-11 09:04:12.003,0.78125,-0.07135,2018-07-11 09:04:12
2018-07-11 09:04:12.042,0.78125,-0.07135,2018-07-11 09:04:12
2018-07-11 09:04:12.082,0.78125,-0.07135,2018-07-11 09:04:12
2018-07-11 09:04:12.121,0.777344,-0.182306,2018-07-11 09:04:12
2018-07-11 09:04:12.160,0.78125,-0.07135,2018-07-11 09:04:12
2018-07-11 09:04:12.200,0.78125,-0.07135,2018-07-11 09:04:12
2018-07-11 09:04:12.239,0.785156,0.039606,2018-07-11 09:04:12
2018-07-11 09:04:12.278,0.78125,-0.07135,2018-07-11 09:04:12
2018-07-11 09:04:12.318,0.78125,-0.07135,2018-07-11 09:04:12
2018-07-11 09:04:12.357,0.785156,0.039606,2018-07-11 09:04:12
2018-07-11 09:04:12.396,0.78125,-0.07135,2018-07-11 09:04:12
2018-07-11 09:04:12.436,0.78125,-0.07135,2018-07-11 09:04:12
2018-07-11 09:04:12.475,0.773438,-0.293261,2018-07-11 09:04:12
2018-07-11 09:04:12.514,0.785156,0.039606,2018-07-11 09:04:12
2018-07-11 09:04:12.554,0.785156,0.039606,2018-07-11 09:04:12
2018-07-11 09:04:12.593,0.78125,-0.07135,2018-07-11 09:04:12
2018-07-11 09:04:12.632,0.78125,-0.07135,2018-07-11 09:04:12
2018-07-11 09:04:12.672,0.789063,0.15059,2018-07-11 09:04:12
2018-07-11 09:04:12.711,0.78125,-0.07135,2018-07-11 09:04:12
2018-07-11 09:04:12.750,0.78125,-0.07135,2018-07-11 09:04:12
2018-07-11 09:04:12.790,0.789063,0.15059,2018-07-11 09:04:12
2018-07-11 09:04:12.829,0.78125,-0.07135,2018-07-11 09:04:12
2018-07-11 09:04:12.868,0.78125,-0.07135,2018-07-11 09:04:12
2018-07-11 09:04:12.908,0.789063,0.15059,2018-07-11 09:04:12
2018-07-11 09:04:12.947,0.777344,-0.182306,2018-07-11 09:04:12
2018-07-11 09:04:12.986,0.769531,-0.404246,2018-07-11 09:04:12
2018-07-11 09:04:13.026,0.785156,0.039606,2018-07-11 09:04:13
2018-07-11 09:04:13.065,0.792969,0.261546,2018-07-11 09:04:13
2018-07-11 09:04:13.104,0.785156,0.039606,2018-07-11 09:04:13
2018-07-11 09:04:13.144,0.773438,-0.293261,2018-07-11 09:04:13
2018-07-11 09:04:13.183,0.777344,-0.182306,2018-07-11 09:04:13
2018-07-11 09:04:13.222,0.789063,0.15059,2018-07-11 09:04:13
2018-07-11 09:04:13.262,0.785156,0.039606,2018-07-11 09:04:13
2018-07-11 09:04:13.301,0.789063,0.15059,2018-07-11 09:04:13
2018-07-11 09:04:13.340,0.777344,-0.182306,2018-07-11 09:04:13
2018-07-11 09:04:13.380,0.789063,0.15059,2018-07-11 09:04:13
2018-07-11 09:04:13.419,0.785156,0.039606,2018-07-11 09:04:13
2018-07-11 09:04:13.458,0.785156,0.039606,2018-07-11 09:04:13
2018-07-11 09:04:13.498,0.785156,0.039606,2018-07-11 09:04:13
2018-07-11 09:04:13.537,0.777344,-0.182306,2018-07-11 09:04:13
2018-07-11 09:04:13.576,0.773438,-0.293261,2018-07-11 09:04:13
2018-07-11 09:04:13.616,0.800781,0.483457,2018-07-11 09:04:13
2018-07-11 09:04:13.655,0.78125,-0.07135,2018-07-11 09:04:13
2018-07-11 09:04:13.694,0.769531,-0.404246,2018-07-11 09:04:13
2018-07-11 09:04:13.734,0.746094,-1.070009,2018-07-11 09:04:13
2018-07-11 09:04:13.773,0.726563,-1.624816,2018-07-11 09:04:13
2018-07-11 09:04:13.812,0.679688,-2.95637,2018-07-11 09:04:13
2018-07-11 09:04:13.852,0.660156,-3.511206,2018-07-11 09:04:13
2018-07-11 09:04:13.891,0.664063,-3.400222,2018-07-11 09:04:13
2018-07-11 09:04:13.930,0.695313,-2.512519,2018-07-11 09:04:13
2018-07-11 09:04:13.970,0.710938,-2.068667,2018-07-11 09:04:13
2018-07-11 09:04:14.009,0.714844,-1.957711,2018-07-11 09:04:14
2018-07-11 09:04:14.048,0.714844,-1.957711,2018-07-11 09:04:14
2018-07-11 09:04:14.088,0.714844,-1.957711,2018-07-11 09:04:14
2018-07-11 09:04:14.127,0.703125,-2.290607,2018-07-11 09:04:14
2018-07-11 09:04:14.166,0.710938,-2.068667,2018-07-11 09:04:14
2018-07-11 09:04:14.206,0.726563,-1.624816,2018-07-11 09:04:14
2018-07-11 09:04:14.245,0.734375,-1.402904,2018-07-11 09:04:14
2018-07-11 09:04:14.284,0.722656,-1.7358,2018-07-11 09:04:14
2018-07-11 09:04:14.324,0.734375,-1.402904,2018-07-11 09:04:14
2018-07-11 09:04:14.363,0.734375,-1.402904,2018-07-11 09:04:14
2018-07-11 09:04:14.402,0.742188,-1.180964,2018-07-11 09:04:14
2018-07-11 09:04:14.442,0.734375,-1.402904,2018-07-11 09:04:14
2018-07-11 09:04:14.481,0.746094,-1.070009,2018-07-11 09:04:14
2018-07-11 09:04:14.520,0.75,-0.959053,2018-07-11 09:04:14
2018-07-11 09:04:14.560,0.75,-0.959053,2018-07-11 09:04:14
2018-07-11 09:04:14.599,0.757813,-0.737113,2018-07-11 09:04:14
2018-07-11 09:04:14.638,0.757813,-0.737113,2018-07-11 09:04:14
2018-07-11 09:04:14.678,0.765625,-0.515201,2018-07-11 09:04:14
2018-07-11 09:04:14.717,0.777344,-0.182306,2018-07-11 09:04:14
2018-07-11 09:04:14.756,0.757813,-0.737113,2018-07-11 09:04:14
2018-07-11 09:04:14.796,0.777344,-0.182306,2018-07-11 09:04:14
2018-07-11 09:04:14.835,0.773438,-0.293261,2018-07-11 09:04:14
2018-07-11 09:04:14.874,0.773438,-0.293261,2018-07-11 09:04:14
2018-07-11 09:04:14.914,0.78125,-0.07135,2018-07-11 09:04:14
2018-07-11 09:04:14.953,0.777344,-0.182306,2018-07-11 09:04:14
2018-07-11 09:04:14.992,0.777344,-0.182306,2018-07-11 09:04:14
2018-07-11 09:04:15.032,0.796875,0.372502,2018-07-11 09:04:15
2018-07-11 09:04:15.071,0.785156,0.039606,2018-07-11 09:04:15
2018-07-11 09:04:15.110,0.789063,0.15059,2018-07-11 09:04:15
2018-07-11 09:04:15.150,0.785156,0.039606,2018-07-11 09:04:15
2018-07-11 09:04:15.189,0.777344,-0.182306,2018-07-11 09:04:15
2018-07-11 09:04:15.228,0.789063,0.15059,2018-07-11 09:04:15
2018-07-11 09:04:15.268,0.789063,0.15059,2018-07-11 09:04:15
2018-07-11 09:04:15.307,0.789063,0.15059,2018-07-11 09:04:15
2018-07-11 09:04:15.346,0.78125,-0.07135,2018-07-11 09:04:15
2018-07-11 09:04:15.386,0.78125,-0.07135,2018-07-11 09:04:15
2018-07-11 09:04:15.425,0.777344,-0.182306,2018-07-11 09:04:15
2018-07-11 09:04:15.464,0.785156,0.039606,2018-07-11 09:04:15
2018-07-11 09:04:15.504,0.785156,0.039606,2018-07-11 09:04:15
2018-07-11 09:04:15.543,0.785156,0.039606,2018-07-11 09:04:15
2018-07-11 09:04:15.582,0.789063,0.15059,2018-07-11 09:04:15
2018-07-11 09:04:15.622,0.777344,-0.182306,2018-07-11 09:04:15
2018-07-11 09:04:15.661,0.789063,0.15059,2018-07-11 09:04:15
2018-07-11 09:04:15.700,0.785156,0.039606,2018-07-11 09:04:15
2018-07-11 09:04:15.739,0.785156,0.039606,2018-07-11 09:04:15
2018-07-11 09:04:15.779,0.78125,-0.07135,2018-07-11 09:04:15
2018-07-11 09:04:15.818,0.785156,0.039606,2018-07-11 09:04:15
2018-07-11 09:04:15.857,0.789063,0.15059,2018-07-11 09:04:15
2018-07-11 09:04:15.897,0.78125,-0.07135,2018-07-11 09:04:15
2018-07-11 09:04:15.936,0.785156,0.039606,2018-07-11 09:04:15
2018-07-11 09:04:15.975,0.78125,-0.07135,2018-07-11 09:04:15
2018-07-11 09:04:16.015,0.78125,-0.07135,2018-07-11 09:04:16
2018-07-11 09:04:16.054,0.785156,0.039606,2018-07-11 09:04:16
2018-07-11 09:04:16.093,0.789063,0.15059,2018-07-11 09:04:16
2018-07-11 09:04:16.133,0.785156,0.039606,2018-07-11 09:04:16
2018-07-11 09:04:16.172,0.78125,-0.07135,2018-07-11 09:04:16
2018-07-11 09:04:16.211,0.785156,0.039606,2018-07-11 09:04:16
2018-07-11 09:04:16.251,0.78125,-0.07135,2018-07-11 09:04:16
2018-07-11 09:04:16.290,0.785156,0.039606,2018-07-11 09:04:16
2018-07-11 09:04:16.329,0.78125,-0.07135,2018-07-11 09:04:16
2018-07-11 09:04:16.369,0.789063,0.15059,2018-07-11 09:04:16
2018-07-11 09:04:16.408,0.789063,0.15059,2018-07-11 09:04:16
2018-07-11 09:04:16.447,0.785156,0.039606,2018-07-11 09:04:16
2018-07-11 09:04:16.487,0.785156,0.039606,2018-07-11 09:04:16
2018-07-11 09:04:16.526,0.785156,0.039606,2018-07-11 09:04:16
2018-07-11 09:04:16.566,0.789063,0.15059,2018-07-11 09:04:16
2018-07-11 09:04:16.605,0.78125,-0.07135,2018-07-11 09:04:16
2018-07-11 09:04:16.644,0.78125,-0.07135,2018-07-11 09:04:16
2018-07-11 09:04:16.684,0.785156,0.039606,2018-07-11 09:04:16
2018-07-11 09:04:16.723,0.785156,0.039606,2018-07-11 09:04:16
2018-07-11 09:04:16.762,0.78125,-0.07135,2018-07-11 09:04:16
2018-07-11 09:04:16.802,0.785156,0.039606,2018-07-11 09:04:16
2018-07-11 09:04:16.841,0.785156,0.039606,2018-07-11 09:04:16
2018-07-11 09:04:16.880,0.789063,0.15059,2018-07-11 09:04:16
2018-07-11 09:04:16.920,0.78125,-0.07135,2018-07-11 09:04:16
2018-07-11 09:04:16.959,0.78125,-0.07135,2018-07-11 09:04:16
2018-07-11 09:04:16.998,0.785156,0.039606,2018-07-11 09:04:16
2018-07-11 09:04:17.038,0.785156,0.039606,2018-07-11 09:04:17
2018-07-11 09:04:17.077,0.789063,0.15059,2018-07-11 09:04:17
2018-07-11 09:04:17.116,0.785156,0.039606,2018-07-11 09:04:17
2018-07-11 09:04:17.156,0.785156,0.039606,2018-07-11 09:04:17
2018-07-11 09:04:17.195,0.785156,0.039606,2018-07-11 09:04:17
2018-07-11 09:04:17.234,0.785156,0.039606,2018-07-11 09:04:17
2018-07-11 09:04:17.274,0.792969,0.261546,2018-07-11 09:04:17
2018-07-11 09:04:17.313,0.785156,0.039606,2018-07-11 09:04:17
2018-07-11 09:04:17.352,0.78125,-0.07135,2018-07-11 09:04:17
2018-07-11 09:04:17.392,0.78125,-0.07135,2018-07-11 09:04:17
2018-07-11 09:04:17.431,0.785156,0.039606,2018-07-11 09:04:17
2018-07-11 09:04:17.470,0.761719,-0.626157,2018-07-11 09:04:17
2018-07-11 09:04:17.510,0.742188,-1.180964,2018-07-11 09:04:17
2018-07-11 09:04:17.549,0.726563,-1.624816,2018-07-11 09:04:17
2018-07-11 09:04:17.588,0.738281,-1.291948,2018-07-11 09:04:17
2018-07-11 09:04:17.628,0.753906,-0.848097,2018-07-11 09:04:17
2018-07-11 09:04:17.667,0.757813,-0.737113,2018-07-11 09:04:17
2018-07-11 09:04:17.706,0.773438,-0.293261,2018-07-11 09:04:17
2018-07-11 09:04:17.746,0.761719,-0.626157,2018-07-11 09:04:17
2018-07-11 09:04:17.785,0.800781,0.483457,2018-07-11 09:04:17
2018-07-11 09:04:17.824,0.8125,0.816353,2018-07-11 09:04:17
2018-07-11 09:04:17.864,0.800781,0.483457,2018-07-11 09:04:17
2018-07-11 09:04:17.903,0.789063,0.15059,2018-07-11 09:04:17
2018-07-11 09:04:17.942,0.78125,-0.07135,2018-07-11 09:04:17
2018-07-11 09:04:17.982,0.765625,-0.515201,2018-07-11 09:04:17
2018-07-11 09:04:18.021,0.777344,-0.182306,2018-07-11 09:04:18
2018-07-11 09:04:18.060,0.785156,0.039606,2018-07-11 09:04:18
2018-07-11 09:04:18.100,0.796875,0.372502,2018-07-11 09:04:18
2018-07-11 09:04:18.139,0.792969,0.261546,2018-07-11 09:04:18
2018-07-11 09:04:18.178,0.78125,-0.07135,2018-07-11 09:04:18
2018-07-11 09:04:18.218,0.785156,0.039606,2018-07-11 09:04:18
2018-07-11 09:04:18.257,0.78125,-0.07135,2018-07-11 09:04:18
2018-07-11 09:04:18.296,0.785156,0.039606,2018-07-11 09:04:18
2018-07-11 09:04:18.336,0.78125,-0.07135,2018-07-11 09:04:18
2018-07-11 09:04:18.375,0.785156,0.039606,2018-07-11 09:04:18
2018-07-11 09:04:18.414,0.78125,-0.07135,2018-07-11 09:04:18
2018-07-11 09:04:18.454,0.789063,0.15059,2018-07-11 09:04:18
2018-07-11 09:04:18.493,0.78125,-0.07135,2018-07-11 09:04:18
2018-07-11 09:04:18.532,0.785156,0.039606,2018-07-11 09:04:18
2018-07-11 09:04:18.572,0.78125,-0.07135,2018-07-11 09:04:18
2018-07-11 09:04:18.611,0.785156,0.039606,2018-07-11 09:04:18
2018-07-11 09:04:18.650,0.785156,0.039606,2018-07-11 09:04:18
2018-07-11 09:04:18.690,0.792969,0.261546,2018-07-11 09:04:18
2018-07-11 09:04:18.729,0.785156,0.039606,2018-07-11 09:04:18
2018-07-11 09:04:18.768,0.789063,0.15059,2018-07-11 09:04:18
2018-07-11 09:04:18.808,0.789063,0.15059,2018-07-11 09:04:18
2018-07-11 09:04:18.847,0.78125,-0.07135,2018-07-11 09:04:18
2018-07-11 09:04:18.886,0.785156,0.039606,2018-07-11 09:04:18
2018-07-11 09:04:18.926,0.785156,0.039606,2018-07-11 09:04:18
2018-07-11 09:04:18.965,0.78125,-0.07135,2018-07-11 09:04:18
2018-07-11 09:04:19.004,0.777344,-0.182306,2018-07-11 09:04:19
2018-07-11 09:04:19.044,0.78125,-0.07135,2018-07-11 09:04:19
2018-07-11 09:04:19.083,0.789063,0.15059,2018-07-11 09:04:19
2018-07-11 09:04:19.122,0.789063,0.15059,2018-07-11 09:04:19
2018-07-11 09:04:19.162,0.78125,-0.07135,2018-07-11 09:04:19
2018-07-11 09:04:19.201,0.78125,-0.07135,2018-07-11 09:04:19
2018-07-11 09:04:19.240,0.789063,0.15059,2018-07-11 09:04:19
2018-07-11 09:04:19.280,0.785156,0.039606,2018-07-11 09:04:19
2018-07-11 09:04:19.319,0.789063,0.15059,2018-07-11 09:04:19
2018-07-11 09:04:19.359,0.785156,0.039606,2018-07-11 09:04:19
2018-07-11 09:04:19.399,0.78125,-0.07135,2018-07-11 09:04:19
2018-07-11 09:04:19.438,0.785156,0.039606,2018-07-11 09:04:19
2018-07-11 09:04:19.478,0.78125,-0.07135,2018-07-11 09:04:19
2018-07-11 09:04:19.517,0.78125,-0.07135,2018-07-11 09:04:19
2018-07-11 09:04:19.557,0.785156,0.039606,2018-07-11 09:04:19
2018-07-11 09:04:19.597,0.785156,0.039606,2018-07-11 09:04:19
2018-07-11 09:04:19.637,0.78125,-0.07135,2018-07-11 09:04:19
2018-07-11 09:04:19.676,0.78125,-0.07135,2018-07-11 09:04:19
2018-07-11 09:04:19.716,0.785156,0.039606,2018-07-11 09:04:19
2018-07-11 09:04:19.756,0.78125,-0.07135,2018-07-11 09:04:19
2018-07-11 09:04:19.795,0.789063,0.15059,2018-07-11 09:04:19
2018-07-11 09:04:19.835,0.78125,-0.07135,2018-07-11 09:04:19
2018-07-11 09:04:19.875,0.785156,0.039606,2018-07-11 09:04:19
2018-07-11 09:04:19.914,0.785156,0.039606,2018-07-11 09:04:19
2018-07-11 09:04:19.954,0.78125,-0.07135,2018-07-11 09:04:19
2018-07-11 09:04:19.993,0.785156,0.039606,2018-07-11 09:04:19
2018-07-11 09:04:20.033,0.789063,0.15059,2018-07-11 09:04:20
2018-07-11 09:04:20.073,0.789063,0.15059,2018-07-11 09:04:20
2018-07-11 09:04:20.113,0.785156,0.039606,2018-07-11 09:04:20
2018-07-11 09:04:20.152,0.78125,-0.07135,2018-07-11 09:04:20
2018-07-11 09:04:20.192,0.789063,0.15059,2018-07-11 09:04:20
2018-07-11 09:04:20.232,0.785156,0.039606,2018-07-11 09:04:20
2018-07-11 09:04:20.271,0.785156,0.039606,2018-07-11 09:04:20
2018-07-11 09:04:20.311,0.78125,-0.07135,2018-07-11 09:04:20
2018-07-11 09:04:20.350,0.789063,0.15059,2018-07-11 09:04:20
2018-07-11 09:04:20.390,0.785156,0.039606,2018-07-11 09:04:20
2018-07-11 09:04:20.430,0.78125,-0.07135,2018-07-11 09:04:20
2018-07-11 09:04:20.470,0.78125,-0.07135,2018-07-11 09:04:20
2018-07-11 09:04:20.509,0.785156,0.039606,2018-07-11 09:04:20
2018-07-11 09:04:20.549,0.785156,0.039606,2018-07-11 09:04:20
2018-07-11 09:04:20.589,0.785156,0.039606,2018-07-11 09:04:20
2018-07-11 09:04:20.628,0.785156,0.039606,2018-07-11 09:04:20
2018-07-11 09:04:20.668,0.785156,0.039606,2018-07-11 09:04:20
2018-07-11 09:04:20.708,0.785156,0.039606,2018-07-11 09:04:20
2018-07-11 09:04:20.747,0.789063,0.15059,2018-07-11 09:04:20
2018-07-11 09:04:20.787,0.785156,0.039606,2018-07-11 09:04:20
2018-07-11 09:04:20.826,0.785156,0.039606,2018-07-11 09:04:20
2018-07-11 09:04:20.866,0.785156,0.039606,2018-07-11 09:04:20
2018-07-11 09:04:20.906,0.785156,0.039606,2018-07-11 09:04:20
2018-07-11 09:04:20.945,0.785156,0.039606,2018-07-11 09:04:20
2018-07-11 09:04:20.985,0.785156,0.039606,2018-07-11 09:04:20
2018-07-11 09:04:21.025,0.789063,0.15059,2018-07-11 09:04:21
2018-07-11 09:04:21.065,0.78125,-0.07135,2018-07-11 09:04:21
2018-07-11 09:04:21.104,0.789063,0.15059,2018-07-11 09:04:21
2018-07-11 09:04:21.144,0.796875,0.372502,2018-07-11 09:04:21
2018-07-11 09:04:21.184,0.886719,2.924655,2018-07-11 09:04:21
2018-07-11 09:04:21.223,0.9375,4.367165,2018-07-11 09:04:21
2018-07-11 09:04:21.263,0.953125,4.811016,2018-07-11 09:04:21
2018-07-11 09:04:21.302,0.933594,4.256209,2018-07-11 09:04:21
2018-07-11 09:04:21.342,0.910156,3.590418,2018-07-11 09:04:21
2018-07-11 09:04:21.382,0.902344,3.368506,2018-07-11 09:04:21
2018-07-11 09:04:21.422,0.898438,3.25755,2018-07-11 09:04:21
2018-07-11 09:04:21.461,0.890625,3.035611,2018-07-11 09:04:21
2018-07-11 09:04:21.501,0.894531,3.146566,2018-07-11 09:04:21
2018-07-11 09:04:21.541,0.902344,3.368506,2018-07-11 09:04:21
2018-07-11 09:04:21.580,0.902344,3.368506,2018-07-11 09:04:21
2018-07-11 09:04:21.620,0.898438,3.25755,2018-07-11 09:04:21
2018-07-11 09:04:21.659,0.886719,2.924655,2018-07-11 09:04:21
2018-07-11 09:04:21.699,0.886719,2.924655,2018-07-11 09:04:21
2018-07-11 09:04:21.739,0.875,2.591759,2018-07-11 09:04:21
2018-07-11 09:04:21.778,0.871094,2.480803,2018-07-11 09:04:21
2018-07-11 09:04:21.818,0.859375,2.147908,2018-07-11 09:04:21
2018-07-11 09:04:21.858,0.847656,1.815012,2018-07-11 09:04:21
2018-07-11 09:04:21.898,0.824219,1.149249,2018-07-11 09:04:21
2018-07-11 09:04:21.937,0.792969,0.261546,2018-07-11 09:04:21
2018-07-11 09:04:21.977,0.78125,-0.07135,2018-07-11 09:04:21
2018-07-11 09:04:22.017,0.773438,-0.293261,2018-07-11 09:04:22
2018-07-11 09:04:22.056,0.777344,-0.182306,2018-07-11 09:04:22
2018-07-11 09:04:22.096,0.78125,-0.07135,2018-07-11 09:04:22
2018-07-11 09:04:22.135,0.792969,0.261546,2018-07-11 09:04:22
2018-07-11 09:04:22.175,0.785156,0.039606,2018-07-11 09:04:22
2018-07-11 09:04:22.215,0.789063,0.15059,2018-07-11 09:04:22
2018-07-11 09:04:22.255,0.785156,0.039606,2018-07-11 09:04:22
2018-07-11 09:04:22.294,0.777344,-0.182306,2018-07-11 09:04:22
2018-07-11 09:04:22.334,0.777344,-0.182306,2018-07-11 09:04:22
2018-07-11 09:04:22.374,0.792969,0.261546,2018-07-11 09:04:22
2018-07-11 09:04:22.413,0.78125,-0.07135,2018-07-11 09:04:22
2018-07-11 09:04:22.453,0.796875,0.372502,2018-07-11 09:04:22
2018-07-11 09:04:22.493,0.792969,0.261546,2018-07-11 09:04:22
2018-07-11 09:04:22.532,0.78125,-0.07135,2018-07-11 09:04:22
2018-07-11 09:04:22.572,0.785156,0.039606,2018-07-11 09:04:22
2018-07-11 09:04:22.611,0.78125,-0.07135,2018-07-11 09:04:22
2018-07-11 09:04:22.651,0.777344,-0.182306,2018-07-11 09:04:22
2018-07-11 09:04:22.691,0.789063,0.15059,2018-07-11 09:04:22
2018-07-11 09:04:22.730,0.789063,0.15059,2018-07-11 09:04:22
2018-07-11 09:04:22.770,0.78125,-0.07135,2018-07-11 09:04:22
2018-07-11 09:04:22.810,0.777344,-0.182306,2018-07-11 09:04:22
2018-07-11 09:04:22.850,0.789063,0.15059,2018-07-11 09:04:22
2018-07-11 09:04:22.889,0.804688,0.594442,2018-07-11 09:04:22
2018-07-11 09:04:22.929,0.785156,0.039606,2018-07-11 09:04:22
2018-07-11 09:04:22.968,0.777344,-0.182306,2018-07-11 09:04:22
2018-07-11 09:04:23.008,0.785156,0.039606,2018-07-11 09:04:23
2018-07-11 09:04:23.048,0.796875,0.372502,2018-07-11 09:04:23
2018-07-11 09:04:23.087,0.785156,0.039606,2018-07-11 09:04:23
2018-07-11 09:04:23.127,0.769531,-0.404246,2018-07-11 09:04:23
2018-07-11 09:04:23.167,0.785156,0.039606,2018-07-11 09:04:23
2018-07-11 09:04:23.207,0.800781,0.483457,2018-07-11 09:04:23
2018-07-11 09:04:23.246,0.773438,-0.293261,2018-07-11 09:04:23
2018-07-11 09:04:23.286,0.777344,-0.182306,2018-07-11 09:04:23
2018-07-11 09:04:23.326,0.789063,0.15059,2018-07-11 09:04:23
2018-07-11 09:04:23.365,0.777344,-0.182306,2018-07-11 09:04:23
2018-07-11 09:04:23.405,0.777344,-0.182306,2018-07-11 09:04:23
2018-07-11 09:04:23.444,0.789063,0.15059,2018-07-11 09:04:23
2018-07-11 09:04:23.484,0.769531,-0.404246,2018-07-11 09:04:23
2018-07-11 09:04:23.524,0.78125,-0.07135,2018-07-11 09:04:23
2018-07-11 09:04:23.563,0.796875,0.372502,2018-07-11 09:04:23
2018-07-11 09:04:23.603,0.785156,0.039606,2018-07-11 09:04:23
2018-07-11 09:04:23.643,0.769531,-0.404246,2018-07-11 09:04:23
2018-07-11 09:04:23.683,0.78125,-0.07135,2018-07-11 09:04:23
2018-07-11 09:04:23.722,0.789063,0.15059,2018-07-11 09:04:23
2018-07-11 09:04:23.762,0.785156,0.039606,2018-07-11 09:04:23
2018-07-11 09:04:23.802,0.773438,-0.293261,2018-07-11 09:04:23
2018-07-11 09:04:23.841,0.792969,0.261546,2018-07-11 09:04:23
2018-07-11 09:04:23.881,0.789063,0.15059,2018-07-11 09:04:23
2018-07-11 09:04:23.920,0.78125,-0.07135,2018-07-11 09:04:23
2018-07-11 09:04:23.960,0.789063,0.15059,2018-07-11 09:04:23
2018-07-11 09:04:24.000,0.785156,0.039606,2018-07-11 09:04:24
2018-07-11 09:04:24.040,0.789063,0.15059,2018-07-11 09:04:24
2018-07-11 09:04:24.079,0.765625,-0.515201,2018-07-11 09:04:24
2018-07-11 09:04:24.118,0.773438,-0.293261,2018-07-11 09:04:24
2018-07-11 09:04:24.158,0.8125,0.816353,2018-07-11 09:04:24
2018-07-11 09:04:24.197,0.785156,0.039606,2018-07-11 09:04:24
2018-07-11 09:04:24.236,0.769531,-0.404246,2018-07-11 09:04:24
2018-07-11 09:04:24.276,0.800781,0.483457,2018-07-11 09:04:24
2018-07-11 09:04:24.315,0.789063,0.15059,2018-07-11 09:04:24
2018-07-11 09:04:24.354,0.769531,-0.404246,2018-07-11 09:04:24
2018-07-11 09:04:24.394,0.789063,0.15059,2018-07-11 09:04:24
2018-07-11 09:04:24.433,0.789063,0.15059,2018-07-11 09:04:24
2018-07-11 09:04:24.472,0.777344,-0.182306,2018-07-11 09:04:24
2018-07-11 09:04:24.512,0.789063,0.15059,2018-07-11 09:04:24
2018-07-11 09:04:24.551,0.792969,0.261546,2018-07-11 09:04:24
2018-07-11 09:04:24.590,0.789063,0.15059,2018-07-11 09:04:24
2018-07-11 09:04:24.630,0.769531,-0.404246,2018-07-11 09:04:24
2018-07-11 09:04:24.669,0.78125,-0.07135,2018-07-11 09:04:24
2018-07-11 09:04:24.708,0.800781,0.483457,2018-07-11 09:04:24
2018-07-11 09:04:24.747,0.777344,-0.182306,2018-07-11 09:04:24
2018-07-11 09:04:24.787,0.769531,-0.404246,2018-07-11 09:04:24
2018-07-11 09:04:24.826,0.785156,0.039606,2018-07-11 09:04:24
2018-07-11 09:04:24.865,0.796875,0.372502,2018-07-11 09:04:24
2018-07-11 09:04:24.905,0.78125,-0.07135,2018-07-11 09:04:24
2018-07-11 09:04:24.944,0.777344,-0.182306,2018-07-11 09:04:24
2018-07-11 09:04:24.983,0.789063,0.15059,2018-07-11 09:04:24
2018-07-11 09:04:25.023,0.804688,0.594442,2018-07-11 09:04:25
2018-07-11 09:04:25.062,0.78125,-0.07135,2018-07-11 09:04:25
2018-07-11 09:04:25.101,0.773438,-0.293261,2018-07-11 09:04:25
2018-07-11 09:04:25.141,0.792969,0.261546,2018-07-11 09:04:25
2018-07-11 09:04:25.180,0.792969,0.261546,2018-07-11 09:04:25
2018-07-11 09:04:25.219,0.773438,-0.293261,2018-07-11 09:04:25
2018-07-11 09:04:25.259,0.765625,-0.515201,2018-07-11 09:04:25
2018-07-11 09:04:25.298,0.796875,0.372502,2018-07-11 09:04:25
2018-07-11 09:04:25.337,0.800781,0.483457,2018-07-11 09:04:25
2018-07-11 09:04:25.377,0.777344,-0.182306,2018-07-11 09:04:25
2018-07-11 09:04:25.416,0.78125,-0.07135,2018-07-11 09:04:25
2018-07-11 09:04:25.455,0.789063,0.15059,2018-07-11 09:04:25
2018-07-11 09:04:25.495,0.785156,0.039606,2018-07-11 09:04:25
2018-07-11 09:04:25.534,0.777344,-0.182306,2018-07-11 09:04:25
2018-07-11 09:04:25.573,0.785156,0.039606,2018-07-11 09:04:25
2018-07-11 09:04:25.613,0.785156,0.039606,2018-07-11 09:04:25
2018-07-11 09:04:25.652,0.78125,-0.07135,2018-07-11 09:04:25
2018-07-11 09:04:25.691,0.785156,0.039606,2018-07-11 09:04:25
2018-07-11 09:04:25.731,0.789063,0.15059,2018-07-11 09:04:25
2018-07-11 09:04:25.770,0.777344,-0.182306,2018-07-11 09:04:25
2018-07-11 09:04:25.809,0.78125,-0.07135,2018-07-11 09:04:25
2018-07-11 09:04:25.849,0.78125,-0.07135,2018-07-11 09:04:25
2018-07-11 09:04:25.888,0.789063,0.15059,2018-07-11 09:04:25
2018-07-11 09:04:25.927,0.785156,0.039606,2018-07-11 09:04:25
2018-07-11 09:04:25.967,0.789063,0.15059,2018-07-11 09:04:25
2018-07-11 09:04:26.006,0.789063,0.15059,2018-07-11 09:04:26
2018-07-11 09:04:26.045,0.789063,0.15059,2018-07-11 09:04:26
2018-07-11 09:04:26.085,0.773438,-0.293261,2018-07-11 09:04:26
2018-07-11 09:04:26.124,0.78125,-0.07135,2018-07-11 09:04:26
2018-07-11 09:04:26.163,0.785156,0.039606,2018-07-11 09:04:26
2018-07-11 09:04:26.203,0.792969,0.261546,2018-07-11 09:04:26
2018-07-11 09:04:26.242,0.785156,0.039606,2018-07-11 09:04:26
2018-07-11 09:04:26.281,0.78125,-0.07135,2018-07-11 09:04:26
2018-07-11 09:04:26.321,0.785156,0.039606,2018-07-11 09:04:26
2018-07-11 09:04:26.360,0.785156,0.039606,2018-07-11 09:04:26
2018-07-11 09:04:26.399,0.785156,0.039606,2018-07-11 09:04:26
2018-07-11 09:04:26.439,0.785156,0.039606,2018-07-11 09:04:26
2018-07-11 09:04:26.478,0.789063,0.15059,2018-07-11 09:04:26
2018-07-11 09:04:26.517,0.785156,0.039606,2018-07-11 09:04:26
2018-07-11 09:04:26.557,0.785156,0.039606,2018-07-11 09:04:26
2018-07-11 09:04:26.596,0.785156,0.039606,2018-07-11 09:04:26
2018-07-11 09:04:26.635,0.785156,0.039606,2018-07-11 09:04:26
2018-07-11 09:04:26.675,0.78125,-0.07135,2018-07-11 09:04:26
2018-07-11 09:04:26.714,0.78125,-0.07135,2018-07-11 09:04:26
2018-07-11 09:04:26.753,0.789063,0.15059,2018-07-11 09:04:26
2018-07-11 09:04:26.793,0.789063,0.15059,2018-07-11 09:04:26
2018-07-11 09:04:26.832,0.785156,0.039606,2018-07-11 09:04:26
2018-07-11 09:04:26.871,0.789063,0.15059,2018-07-11 09:04:26
2018-07-11 09:04:26.911,0.792969,0.261546,2018-07-11 09:04:26
2018-07-11 09:04:26.950,0.792969,0.261546,2018-07-11 09:04:26
2018-07-11 09:04:26.989,0.777344,-0.182306,2018-07-11 09:04:26
2018-07-11 09:04:27.029,0.773438,-0.293261,2018-07-11 09:04:27
2018-07-11 09:04:27.068,0.785156,0.039606,2018-07-11 09:04:27
2018-07-11 09:04:27.107,0.789063,0.15059,2018-07-11 09:04:27
2018-07-11 09:04:27.147,0.792969,0.261546,2018-07-11 09:04:27
2018-07-11 09:04:27.186,0.777344,-0.182306,2018-07-11 09:04:27
2018-07-11 09:04:27.225,0.785156,0.039606,2018-07-11 09:04:27
2018-07-11 09:04:27.265,0.792969,0.261546,2018-07-11 09:04:27
2018-07-11 09:04:27.304,0.785156,0.039606,2018-07-11 09:04:27
2018-07-11 09:04:27.343,0.773438,-0.293261,2018-07-11 09:04:27
2018-07-11 09:04:27.383,0.785156,0.039606,2018-07-11 09:04:27
2018-07-11 09:04:27.422,0.789063,0.15059,2018-07-11 09:04:27
2018-07-11 09:04:27.461,0.789063,0.15059,2018-07-11 09:04:27
2018-07-11 09:04:27.501,0.785156,0.039606,2018-07-11 09:04:27
2018-07-11 09:04:27.540,0.785156,0.039606,2018-07-11 09:04:27
2018-07-11 09:04:27.579,0.785156,0.039606,2018-07-11 09:04:27
2018-07-11 09:04:27.619,0.777344,-0.182306,2018-07-11 09:04:27
2018-07-11 09:04:27.658,0.78125,-0.07135,2018-07-11 09:04:27
2018-07-11 09:04:27.697,0.78125,-0.07135,2018-07-11 09:04:27
2018-07-11 09:04:27.737,0.789063,0.15059,2018-07-11 09:04:27
2018-07-11 09:04:27.776,0.78125,-0.07135,2018-07-11 09:04:27
2018-07-11 09:04:27.816,0.785156,0.039606,2018-07-11 09:04:27
2018-07-11 09:04:27.855,0.78125,-0.07135,2018-07-11 09:04:27
2018-07-11 09:04:27.894,0.789063,0.15059,2018-07-11 09:04:27
2018-07-11 09:04:27.934,0.789063,0.15059,2018-07-11 09:04:27
2018-07-11 09:04:27.973,0.78125,-0.07135,2018-07-11 09:04:27
2018-07-11 09:04:28.012,0.78125,-0.07135,2018-07-11 09:04:28
2018-07-11 09:04:28.052,0.785156,0.039606,2018-07-11 09:04:28
2018-07-11 09:04:28.091,0.785156,0.039606,2018-07-11 09:04:28
2018-07-11 09:04:28.130,0.78125,-0.07135,2018-07-11 09:04:28
2018-07-11 09:04:28.170,0.789063,0.15059,2018-07-11 09:04:28
2018-07-11 09:04:28.209,0.789063,0.15059,2018-07-11 09:04:28
2018-07-11 09:04:28.248,0.777344,-0.182306,2018-07-11 09:04:28
2018-07-11 09:04:28.288,0.761719,-0.626157,2018-07-11 09:04:28
2018-07-11 09:04:28.327,0.734375,-1.402904,2018-07-11 09:04:28
2018-07-11 09:04:28.366,0.675781,-3.067354,2018-07-11 09:04:28
2018-07-11 09:04:28.406,0.621094,-4.62082,2018-07-11 09:04:28
2018-07-11 09:04:28.445,0.589844,-5.508523,2018-07-11 09:04:28
2018-07-11 09:04:28.484,0.597656,-5.286612,2018-07-11 09:04:28
2018-07-11 09:04:28.524,0.644531,-3.955057,2018-07-11 09:04:28
2018-07-11 09:04:28.563,0.691406,-2.623503,2018-07-11 09:04:28
2018-07-11 09:04:28.602,0.714844,-1.957711,2018-07-11 09:04:28
2018-07-11 09:04:28.642,0.707031,-2.179651,2018-07-11 09:04:28
2018-07-11 09:04:28.681,0.6875,-2.734459,2018-07-11 09:04:28
2018-07-11 09:04:28.720,0.679688,-2.95637,2018-07-11 09:04:28
2018-07-11 09:04:28.760,0.679688,-2.95637,2018-07-11 09:04:28
2018-07-11 09:04:28.799,0.691406,-2.623503,2018-07-11 09:04:28
2018-07-11 09:04:28.839,0.644531,-3.955057,2018-07-11 09:04:28
2018-07-11 09:04:28.878,0.527344,-7.283929,2018-07-11 09:04:28
2018-07-11 09:04:28.918,0.5,-8.060676,2018-07-11 09:04:28
2018-07-11 09:04:28.958,0.703125,-2.290607,2018-07-11 09:04:28
2018-07-11 09:04:28.998,0.886719,2.924655,2018-07-11 09:04:28
2018-07-11 09:04:29.037,1.035156,7.14123,2018-07-11 09:04:29
2018-07-11 09:04:29.077,1.03125,7.030274,2018-07-11 09:04:29
2018-07-11 09:04:29.117,0.921875,3.923313,2018-07-11 09:04:29
2018-07-11 09:04:29.156,0.722656,-1.7358,2018-07-11 09:04:29
2018-07-11 09:04:29.196,0.574219,-5.952375,2018-07-11 09:04:29
2018-07-11 09:04:29.236,0.550781,-6.618166,2018-07-11 09:04:29
2018-07-11 09:04:29.275,0.644531,-3.955057,2018-07-11 09:04:29
2018-07-11 09:04:29.315,0.800781,0.483457,2018-07-11 09:04:29
2018-07-11 09:04:29.354,0.964844,5.143912,2018-07-11 09:04:29
2018-07-11 09:04:29.394,1.015625,6.586422,2018-07-11 09:04:29
2018-07-11 09:04:29.434,0.941406,4.478121,2018-07-11 09:04:29
2018-07-11 09:04:29.474,0.796875,0.372502,2018-07-11 09:04:29
2018-07-11 09:04:29.513,0.644531,-3.955057,2018-07-11 09:04:29
2018-07-11 09:04:29.553,0.582031,-5.730463,2018-07-11 09:04:29
2018-07-11 09:04:29.593,0.632813,-4.287925,2018-07-11 09:04:29
2018-07-11 09:04:29.632,0.765625,-0.515201,2018-07-11 09:04:29
2018-07-11 09:04:29.672,0.898438,3.25755,2018-07-11 09:04:29
2018-07-11 09:04:29.711,0.96875,5.254868,2018-07-11 09:04:29
2018-07-11 09:04:29.751,0.941406,4.478121,2018-07-11 09:04:29
2018-07-11 09:04:29.791,0.832031,1.37116,2018-07-11 09:04:29
2018-07-11 09:04:29.830,0.710938,-2.068667,2018-07-11 09:04:29
2018-07-11 09:04:29.870,0.628906,-4.398909,2018-07-11 09:04:29
2018-07-11 09:04:29.910,0.644531,-3.955057,2018-07-11 09:04:29
2018-07-11 09:04:29.950,0.722656,-1.7358,2018-07-11 09:04:29
2018-07-11 09:04:29.989,0.839844,1.5931,2018-07-11 09:04:29
2018-07-11 09:04:30.029,0.925781,4.034269,2018-07-11 09:04:30
2018-07-11 09:04:30.069,0.929688,4.145253,2018-07-11 09:04:30
2018-07-11 09:04:30.108,0.867188,2.369848,2018-07-11 09:04:30
2018-07-11 09:04:30.148,0.757813,-0.737113,2018-07-11 09:04:30
2018-07-11 09:04:30.187,0.671875,-3.17831,2018-07-11 09:04:30
2018-07-11 09:04:30.227,0.65625,-3.622162,2018-07-11 09:04:30
2018-07-11 09:04:30.267,0.710938,-2.068667,2018-07-11 09:04:30
2018-07-11 09:04:30.306,0.789063,0.15059,2018-07-11 09:04:30
2018-07-11 09:04:30.346,0.875,2.591759,2018-07-11 09:04:30
2018-07-11 09:04:30.386,0.902344,3.368506,2018-07-11 09:04:30
2018-07-11 09:04:30.426,0.871094,2.480803,2018-07-11 09:04:30
2018-07-11 09:04:30.465,0.792969,0.261546,2018-07-11 09:04:30
2018-07-11 09:04:30.505,0.730469,-1.51386,2018-07-11 09:04:30
2018-07-11 09:04:30.545,0.691406,-2.623503,2018-07-11 09:04:30
2018-07-11 09:04:30.584,0.71875,-1.846756,2018-07-11 09:04:30
2018-07-11 09:04:30.624,0.765625,-0.515201,2018-07-11 09:04:30
2018-07-11 09:04:30.663,0.820313,1.038293,2018-07-11 09:04:30
2018-07-11 09:04:30.703,0.867188,2.369848,2018-07-11 09:04:30
2018-07-11 09:04:30.743,0.855469,2.036952,2018-07-11 09:04:30
2018-07-11 09:04:30.783,0.820313,1.038293,2018-07-11 09:04:30
2018-07-11 09:04:30.822,0.761719,-0.626157,2018-07-11 09:04:30
2018-07-11 09:04:30.862,0.730469,-1.51386,2018-07-11 09:04:30
2018-07-11 09:04:30.902,0.734375,-1.402904,2018-07-11 09:04:30
2018-07-11 09:04:30.941,0.757813,-0.737113,2018-07-11 09:04:30
2018-07-11 09:04:30.981,0.800781,0.483457,2018-07-11 09:04:30
2018-07-11 09:04:31.020,0.832031,1.37116,2018-07-11 09:04:31
2018-07-11 09:04:31.060,0.839844,1.5931,2018-07-11 09:04:31
2018-07-11 09:04:31.100,0.816406,0.927309,2018-07-11 09:04:31
2018-07-11 09:04:31.139,0.777344,-0.182306,2018-07-11 09:04:31
2018-07-11 09:04:31.179,0.753906,-0.848097,2018-07-11 09:04:31
2018-07-11 09:04:31.219,0.75,-0.959053,2018-07-11 09:04:31
2018-07-11 09:04:31.259,0.765625,-0.515201,2018-07-11 09:04:31
2018-07-11 09:04:31.298,0.789063,0.15059,2018-07-11 09:04:31
2018-07-11 09:04:31.338,0.808594,0.705397,2018-07-11 09:04:31
2018-07-11 09:04:31.378,0.8125,0.816353,2018-07-11 09:04:31
2018-07-11 09:04:31.417,0.792969,0.261546,2018-07-11 09:04:31
2018-07-11 09:04:31.457,0.78125,-0.07135,2018-07-11 09:04:31
2018-07-11 09:04:31.496,0.769531,-0.404246,2018-07-11 09:04:31
2018-07-11 09:04:31.536,0.773438,-0.293261,2018-07-11 09:04:31
2018-07-11 09:04:31.576,0.785156,0.039606,2018-07-11 09:04:31
2018-07-11 09:04:31.616,0.785156,0.039606,2018-07-11 09:04:31
2018-07-11 09:04:31.655,0.789063,0.15059,2018-07-11 09:04:31
2018-07-11 09:04:31.695,0.789063,0.15059,2018-07-11 09:04:31
2018-07-11 09:04:31.735,0.785156,0.039606,2018-07-11 09:04:31
2018-07-11 09:04:31.774,0.78125,-0.07135,2018-07-11 09:04:31
2018-07-11 09:04:31.814,0.78125,-0.07135,2018-07-11 09:04:31
2018-07-11 09:04:31.854,0.78125,-0.07135,2018-07-11 09:04:31
2018-07-11 09:04:31.893,0.785156,0.039606,2018-07-11 09:04:31
2018-07-11 09:04:31.933,0.789063,0.15059,2018-07-11 09:04:31
2018-07-11 09:04:31.972,0.789063,0.15059,2018-07-11 09:04:31
2018-07-11 09:04:32.012,0.789063,0.15059,2018-07-11 09:04:32
2018-07-11 09:04:32.052,0.785156,0.039606,2018-07-11 09:04:32
2018-07-11 09:04:32.091,0.785156,0.039606,2018-07-11 09:04:32
2018-07-11 09:04:32.131,0.785156,0.039606,2018-07-11 09:04:32
2018-07-11 09:04:32.171,0.789063,0.15059,2018-07-11 09:04:32
2018-07-11 09:04:32.210,0.785156,0.039606,2018-07-11 09:04:32
2018-07-11 09:04:32.250,0.785156,0.039606,2018-07-11 09:04:32
2018-07-11 09:04:32.290,0.785156,0.039606,2018-07-11 09:04:32
2018-07-11 09:04:32.330,0.785156,0.039606,2018-07-11 09:04:32
2018-07-11 09:04:32.369,0.789063,0.15059,2018-07-11 09:04:32
2018-07-11 09:04:32.409,0.789063,0.15059,2018-07-11 09:04:32
2018-07-11 09:04:32.449,0.789063,0.15059,2018-07-11 09:04:32
2018-07-11 09:04:32.488,0.78125,-0.07135,2018-07-11 09:04:32
2018-07-11 09:04:32.528,0.785156,0.039606,2018-07-11 09:04:32
2018-07-11 09:04:32.568,0.789063,0.15059,2018-07-11 09:04:32
2018-07-11 09:04:32.607,0.785156,0.039606,2018-07-11 09:04:32
2018-07-11 09:04:32.647,0.785156,0.039606,2018-07-11 09:04:32
2018-07-11 09:04:32.687,0.785156,0.039606,2018-07-11 09:04:32
2018-07-11 09:04:32.726,0.785156,0.039606,2018-07-11 09:04:32
2018-07-11 09:04:32.766,0.785156,0.039606,2018-07-11 09:04:32
2018-07-11 09:04:32.805,0.777344,-0.182306,2018-07-11 09:04:32
2018-07-11 09:04:32.845,0.785156,0.039606,2018-07-11 09:04:32
2018-07-11 09:04:32.885,0.785156,0.039606,2018-07-11 09:04:32
2018-07-11 09:04:32.924,0.78125,-0.07135,2018-07-11 09:04:32
2018-07-11 09:04:32.964,0.773438,-0.293261,2018-07-11 09:04:32
2018-07-11 09:04:33.004,0.785156,0.039606,2018-07-11 09:04:33
2018-07-11 09:04:33.043,0.789063,0.15059,2018-07-11 09:04:33
2018-07-11 09:04:33.083,0.785156,0.039606,2018-07-11 09:04:33
2018-07-11 09:04:33.123,0.78125,-0.07135,2018-07-11 09:04:33
2018-07-11 09:04:33.163,0.785156,0.039606,2018-07-11 09:04:33
2018-07-11 09:04:33.202,0.789063,0.15059,2018-07-11 09:04:33
2018-07-11 09:04:33.242,0.78125,-0.07135,2018-07-11 09:04:33
2018-07-11 09:04:33.282,0.792969,0.261546,2018-07-11 09:04:33
2018-07-11 09:04:33.321,0.792969,0.261546,2018-07-11 09:04:33
2018-07-11 09:04:33.361,0.785156,0.039606,2018-07-11 09:04:33
2018-07-11 09:04:33.401,0.777344,-0.182306,2018-07-11 09:04:33
2018-07-11 09:04:33.440,0.785156,0.039606,2018-07-11 09:04:33
2018-07-11 09:04:33.480,0.789063,0.15059,2018-07-11 09:04:33
2018-07-11 09:04:33.520,0.777344,-0.182306,2018-07-11 09:04:33
2018-07-11 09:04:33.559,0.789063,0.15059,2018-07-11 09:04:33
2018-07-11 09:04:33.598,0.789063,0.15059,2018-07-11 09:04:33
2018-07-11 09:04:33.638,0.785156,0.039606,2018-07-11 09:04:33
2018-07-11 09:04:33.677,0.785156,0.039606,2018-07-11 09:04:33
2018-07-11 09:04:33.716,0.78125,-0.07135,2018-07-11 09:04:33
2018-07-11 09:04:33.756,0.78125,-0.07135,2018-07-11 09:04:33
2018-07-11 09:04:33.795,0.777344,-0.182306,2018-07-11 09:04:33
2018-07-11 09:04:33.834,0.78125,-0.07135,2018-07-11 09:04:33
2018-07-11 09:04:33.874,0.785156,0.039606,2018-07-11 09:04:33
2018-07-11 09:04:33.913,0.785156,0.039606,2018-07-11 09:04:33
2018-07-11 09:04:33.952,0.785156,0.039606,2018-07-11 09:04:33
2018-07-11 09:04:33.992,0.78125,-0.07135,2018-07-11 09:04:33
2018-07-11 09:04:34.031,0.792969,0.261546,2018-07-11 09:04:34
2018-07-11 09:04:34.070,0.785156,0.039606,2018-07-11 09:04:34
2018-07-11 09:04:34.110,0.78125,-0.07135,2018-07-11 09:04:34
2018-07-11 09:04:34.149,0.78125,-0.07135,2018-07-11 09:04:34
2018-07-11 09:04:34.188,0.785156,0.039606,2018-07-11 09:04:34
2018-07-11 09:04:34.228,0.78125,-0.07135,2018-07-11 09:04:34
2018-07-11 09:04:34.267,0.78125,-0.07135,2018-07-11 09:04:34
2018-07-11 09:04:34.306,0.789063,0.15059,2018-07-11 09:04:34
2018-07-11 09:04:34.346,0.785156,0.039606,2018-07-11 09:04:34
2018-07-11 09:04:34.385,0.789063,0.15059,2018-07-11 09:04:34
2018-07-11 09:04:34.424,0.78125,-0.07135,2018-07-11 09:04:34
2018-07-11 09:04:34.464,0.785156,0.039606,2018-07-11 09:04:34
2018-07-11 09:04:34.503,0.78125,-0.07135,2018-07-11 09:04:34
2018-07-11 09:04:34.542,0.785156,0.039606,2018-07-11 09:04:34
2018-07-11 09:04:34.582,0.785156,0.039606,2018-07-11 09:04:34
2018-07-11 09:04:34.621,0.78125,-0.07135,2018-07-11 09:04:34
2018-07-11 09:04:34.660,0.785156,0.039606,2018-07-11 09:04:34
2018-07-11 09:04:34.700,0.789063,0.15059,2018-07-11 09:04:34
2018-07-11 09:04:34.739,0.785156,0.039606,2018-07-11 09:04:34
2018-07-11 09:04:34.778,0.78125,-0.07135,2018-07-11 09:04:34
2018-07-11 09:04:34.818,0.785156,0.039606,2018-07-11 09:04:34
2018-07-11 09:04:34.857,0.789063,0.15059,2018-07-11 09:04:34
2018-07-11 09:04:34.896,0.785156,0.039606,2018-07-11 09:04:34
2018-07-11 09:04:34.936,0.785156,0.039606,2018-07-11 09:04:34
2018-07-11 09:04:34.975,0.785156,0.039606,2018-07-11 09:04:34
2018-07-11 09:04:35.014,0.789063,0.15059,2018-07-11 09:04:35
2018-07-11 09:04:35.054,0.78125,-0.07135,2018-07-11 09:04:35
2018-07-11 09:04:35.093,0.78125,-0.07135,2018-07-11 09:04:35
2018-07-11 09:04:35.132,0.785156,0.039606,2018-07-11 09:04:35
2018-07-11 09:04:35.172,0.78125,-0.07135,2018-07-11 09:04:35
2018-07-11 09:04:35.211,0.785156,0.039606,2018-07-11 09:04:35
2018-07-11 09:04:35.250,0.789063,0.15059,2018-07-11 09:04:35
2018-07-11 09:04:35.290,0.785156,0.039606,2018-07-11 09:04:35
2018-07-11 09:04:35.329,0.792969,0.261546,2018-07-11 09:04:35
2018-07-11 09:04:35.368,0.785156,0.039606,2018-07-11 09:04:35
2018-07-11 09:04:35.408,0.789063,0.15059,2018-07-11 09:04:35
2018-07-11 09:04:35.447,0.785156,0.039606,2018-07-11 09:04:35
2018-07-11 09:04:35.486,0.789063,0.15059,2018-07-11 09:04:35
2018-07-11 09:04:35.526,0.78125,-0.07135,2018-07-11 09:04:35
2018-07-11 09:04:35.565,0.789063,0.15059,2018-07-11 09:04:35
2018-07-11 09:04:35.604,0.785156,0.039606,2018-07-11 09:04:35
2018-07-11 09:04:35.644,0.78125,-0.07135,2018-07-11 09:04:35
2018-07-11 09:04:35.683,0.785156,0.039606,2018-07-11 09:04:35
2018-07-11 09:04:35.722,0.785156,0.039606,2018-07-11 09:04:35
2018-07-11 09:04:35.762,0.789063,0.15059,2018-07-11 09:04:35
2018-07-11 09:04:35.801,0.785156,0.039606,2018-07-11 09:04:35
2018-07-11 09:04:35.840,0.785156,0.039606,2018-07-11 09:04:35
2018-07-11 09:04:35.880,0.789063,0.15059,2018-07-11 09:04:35
2018-07-11 09:04:35.919,0.777344,-0.182306,2018-07-11 09:04:35
2018-07-11 09:04:35.958,0.785156,0.039606,2018-07-11 09:04:35
2018-07-11 09:04:35.998,0.78125,-0.07135,2018-07-11 09:04:35
2018-07-11 09:04:36.037,0.792969,0.261546,2018-07-11 09:04:36
2018-07-11 09:04:36.076,0.78125,-0.07135,2018-07-11 09:04:36
2018-07-11 09:04:36.116,0.785156,0.039606,2018-07-11 09:04:36
2018-07-11 09:04:36.155,0.78125,-0.07135,2018-07-11 09:04:36
2018-07-11 09:04:36.194,0.789063,0.15059,2018-07-11 09:04:36
2018-07-11 09:04:36.234,0.789063,0.15059,2018-07-11 09:04:36
2018-07-11 09:04:36.273,0.777344,-0.182306,2018-07-11 09:04:36
2018-07-11 09:04:36.312,0.785156,0.039606,2018-07-11 09:04:36
2018-07-11 09:04:36.352,0.785156,0.039606,2018-07-11 09:04:36
2018-07-11 09:04:36.391,0.773438,-0.293261,2018-07-11 09:04:36
2018-07-11 09:04:36.430,0.78125,-0.07135,2018-07-11 09:04:36
2018-07-11 09:04:36.470,0.785156,0.039606,2018-07-11 09:04:36
2018-07-11 09:04:36.509,0.777344,-0.182306,2018-07-11 09:04:36
2018-07-11 09:04:36.548,0.785156,0.039606,2018-07-11 09:04:36
2018-07-11 09:04:36.588,0.792969,0.261546,2018-07-11 09:04:36
2018-07-11 09:04:36.627,0.78125,-0.07135,2018-07-11 09:04:36
2018-07-11 09:04:36.666,0.785156,0.039606,2018-07-11 09:04:36
2018-07-11 09:04:36.706,0.789063,0.15059,2018-07-11 09:04:36
2018-07-11 09:04:36.745,0.785156,0.039606,2018-07-11 09:04:36
2018-07-11 09:04:36.784,0.785156,0.039606,2018-07-11 09:04:36
2018-07-11 09:04:36.824,0.785156,0.039606,2018-07-11 09:04:36
2018-07-11 09:04:36.863,0.78125,-0.07135,2018-07-11 09:04:36
2018-07-11 09:04:36.902,0.789063,0.15059,2018-07-11 09:04:36
2018-07-11 09:04:36.942,0.777344,-0.182306,2018-07-11 09:04:36
2018-07-11 09:04:36.981,0.78125,-0.07135,2018-07-11 09:04:36
2018-07-11 09:04:37.020,0.789063,0.15059,2018-07-11 09:04:37
2018-07-11 09:04:37.060,0.800781,0.483457,2018-07-11 09:04:37
2018-07-11 09:04:37.099,0.78125,-0.07135,2018-07-11 09:04:37
2018-07-11 09:04:37.138,0.78125,-0.07135,2018-07-11 09:04:37
2018-07-11 09:04:37.178,0.785156,0.039606,2018-07-11 09:04:37
2018-07-11 09:04:37.217,0.78125,-0.07135,2018-07-11 09:04:37
2018-07-11 09:04:37.256,0.777344,-0.182306,2018-07-11 09:04:37
2018-07-11 09:04:37.296,0.789063,0.15059,2018-07-11 09:04:37
2018-07-11 09:04:37.335,0.789063,0.15059,2018-07-11 09:04:37
2018-07-11 09:04:37.374,0.785156,0.039606,2018-07-11 09:04:37
2018-07-11 09:04:37.414,0.789063,0.15059,2018-07-11 09:04:37
2018-07-11 09:04:37.453,0.78125,-0.07135,2018-07-11 09:04:37
2018-07-11 09:04:37.492,0.78125,-0.07135,2018-07-11 09:04:37
2018-07-11 09:04:37.532,0.78125,-0.07135,2018-07-11 09:04:37
2018-07-11 09:04:37.571,0.785156,0.039606,2018-07-11 09:04:37
2018-07-11 09:04:37.610,0.785156,0.039606,2018-07-11 09:04:37
2018-07-11 09:04:37.650,0.78125,-0.07135,2018-07-11 09:04:37
2018-07-11 09:04:37.689,0.785156,0.039606,2018-07-11 09:04:37
2018-07-11 09:04:37.728,0.78125,-0.07135,2018-07-11 09:04:37
2018-07-11 09:04:37.768,0.78125,-0.07135,2018-07-11 09:04:37
2018-07-11 09:04:37.807,0.785156,0.039606,2018-07-11 09:04:37
2018-07-11 09:04:37.846,0.789063,0.15059,2018-07-11 09:04:37
2018-07-11 09:04:37.886,0.785156,0.039606,2018-07-11 09:04:37
2018-07-11 09:04:37.925,0.789063,0.15059,2018-07-11 09:04:37
2018-07-11 09:04:37.964,0.789063,0.15059,2018-07-11 09:04:37
2018-07-11 09:04:38.004,0.785156,0.039606,2018-07-11 09:04:38
2018-07-11 09:04:38.043,0.78125,-0.07135,2018-07-11 09:04:38
2018-07-11 09:04:38.082,0.78125,-0.07135,2018-07-11 09:04:38
2018-07-11 09:04:38.122,0.785156,0.039606,2018-07-11 09:04:38
2018-07-11 09:04:38.161,0.78125,-0.07135,2018-07-11 09:04:38
2018-07-11 09:04:38.200,0.78125,-0.07135,2018-07-11 09:04:38
2018-07-11 09:04:38.240,0.785156,0.039606,2018-07-11 09:04:38
2018-07-11 09:04:38.279,0.78125,-0.07135,2018-07-11 09:04:38
2018-07-11 09:04:38.318,0.789063,0.15059,2018-07-11 09:04:38
2018-07-11 09:04:38.358,0.78125,-0.07135,2018-07-11 09:04:38
2018-07-11 09:04:38.397,0.785156,0.039606,2018-07-11 09:04:38
2018-07-11 09:04:38.436,0.78125,-0.07135,2018-07-11 09:04:38
2018-07-11 09:04:38.476,0.78125,-0.07135,2018-07-11 09:04:38
2018-07-11 09:04:38.515,0.785156,0.039606,2018-07-11 09:04:38
2018-07-11 09:04:38.554,0.785156,0.039606,2018-07-11 09:04:38
2018-07-11 09:04:38.594,0.785156,0.039606,2018-07-11 09:04:38
2018-07-11 09:04:38.633,0.789063,0.15059,2018-07-11 09:04:38
2018-07-11 09:04:38.672,0.785156,0.039606,2018-07-11 09:04:38
2018-07-11 09:04:38.712,0.78125,-0.07135,2018-07-11 09:04:38
2018-07-11 09:04:38.751,0.785156,0.039606,2018-07-11 09:04:38
2018-07-11 09:04:38.790,0.785156,0.039606,2018-07-11 09:04:38
2018-07-11 09:04:38.830,0.789063,0.15059,2018-07-11 09:04:38
2018-07-11 09:04:38.869,0.785156,0.039606,2018-07-11 09:04:38
2018-07-11 09:04:38.908,0.785156,0.039606,2018-07-11 09:04:38
2018-07-11 09:04:38.948,0.785156,0.039606,2018-07-11 09:04:38
2018-07-11 09:04:38.987,0.78125,-0.07135,2018-07-11 09:04:38
2018-07-11 09:04:39.026,0.785156,0.039606,2018-07-11 09:04:39
2018-07-11 09:04:39.066,0.789063,0.15059,2018-07-11 09:04:39
2018-07-11 09:04:39.105,0.78125,-0.07135,2018-07-11 09:04:39
2018-07-11 09:04:39.144,0.785156,0.039606,2018-07-11 09:04:39
2018-07-11 09:04:39.184,0.78125,-0.07135,2018-07-11 09:04:39
2018-07-11 09:04:39.223,0.789063,0.15059,2018-07-11 09:04:39
2018-07-11 09:04:39.262,0.785156,0.039606,2018-07-11 09:04:39
2018-07-11 09:04:39.302,0.785156,0.039606,2018-07-11 09:04:39
2018-07-11 09:04:39.341,0.785156,0.039606,2018-07-11 09:04:39
2018-07-11 09:04:39.380,0.777344,-0.182306,2018-07-11 09:04:39
2018-07-11 09:04:39.419,0.785156,0.039606,2018-07-11 09:04:39
2018-07-11 09:04:39.459,0.785156,0.039606,2018-07-11 09:04:39
2018-07-11 09:04:39.498,0.785156,0.039606,2018-07-11 09:04:39
2018-07-11 09:04:39.538,0.792969,0.261546,2018-07-11 09:04:39
2018-07-11 09:04:39.577,0.789063,0.15059,2018-07-11 09:04:39
2018-07-11 09:04:39.616,0.78125,-0.07135,2018-07-11 09:04:39
2018-07-11 09:04:39.655,0.777344,-0.182306,2018-07-11 09:04:39
2018-07-11 09:04:39.695,0.789063,0.15059,2018-07-11 09:04:39
2018-07-11 09:04:39.734,0.796875,0.372502,2018-07-11 09:04:39
2018-07-11 09:04:39.774,0.78125,-0.07135,2018-07-11 09:04:39
2018-07-11 09:04:39.813,0.789063,0.15059,2018-07-11 09:04:39
2018-07-11 09:04:39.852,0.792969,0.261546,2018-07-11 09:04:39
2018-07-11 09:04:39.891,0.78125,-0.07135,2018-07-11 09:04:39
2018-07-11 09:04:39.931,0.789063,0.15059,2018-07-11 09:04:39
2018-07-11 09:04:39.970,0.785156,0.039606,2018-07-11 09:04:39
2018-07-11 09:04:40.010,0.785156,0.039606,2018-07-11 09:04:40
2018-07-11 09:04:40.049,0.785156,0.039606,2018-07-11 09:04:40
2018-07-11 09:04:40.088,0.789063,0.15059,2018-07-11 09:04:40
2018-07-11 09:04:40.127,0.785156,0.039606,2018-07-11 09:04:40
2018-07-11 09:04:40.167,0.785156,0.039606,2018-07-11 09:04:40
2018-07-11 09:04:40.206,0.785156,0.039606,2018-07-11 09:04:40
2018-07-11 09:04:40.245,0.78125,-0.07135,2018-07-11 09:04:40
2018-07-11 09:04:40.285,0.78125,-0.07135,2018-07-11 09:04:40
2018-07-11 09:04:40.324,0.789063,0.15059,2018-07-11 09:04:40
2018-07-11 09:04:40.363,0.78125,-0.07135,2018-07-11 09:04:40
2018-07-11 09:04:40.403,0.78125,-0.07135,2018-07-11 09:04:40
2018-07-11 09:04:40.442,0.789063,0.15059,2018-07-11 09:04:40
2018-07-11 09:04:40.481,0.777344,-0.182306,2018-07-11 09:04:40
2018-07-11 09:04:40.521,0.78125,-0.07135,2018-07-11 09:04:40
2018-07-11 09:04:40.560,0.785156,0.039606,2018-07-11 09:04:40
2018-07-11 09:04:40.599,0.785156,0.039606,2018-07-11 09:04:40
2018-07-11 09:04:40.639,0.789063,0.15059,2018-07-11 09:04:40
2018-07-11 09:04:40.678,0.789063,0.15059,2018-07-11 09:04:40
2018-07-11 09:04:40.717,0.78125,-0.07135,2018-07-11 09:04:40
2018-07-11 09:04:40.757,0.78125,-0.07135,2018-07-11 09:04:40
2018-07-11 09:04:40.796,0.785156,0.039606,2018-07-11 09:04:40
2018-07-11 09:04:40.835,0.785156,0.039606,2018-07-11 09:04:40
2018-07-11 09:04:40.875,0.78125,-0.07135,2018-07-11 09:04:40
2018-07-11 09:04:40.914,0.792969,0.261546,2018-07-11 09:04:40
2018-07-11 09:04:40.953,0.78125,-0.07135,2018-07-11 09:04:40
2018-07-11 09:04:40.993,0.785156,0.039606,2018-07-11 09:04:40
2018-07-11 09:04:41.032,0.785156,0.039606,2018-07-11 09:04:41
2018-07-11 09:04:41.071,0.789063,0.15059,2018-07-11 09:04:41
2018-07-11 09:04:41.111,0.78125,-0.07135,2018-07-11 09:04:41
2018-07-11 09:04:41.150,0.777344,-0.182306,2018-07-11 09:04:41
2018-07-11 09:04:41.189,0.785156,0.039606,2018-07-11 09:04:41
2018-07-11 09:04:41.229,0.78125,-0.07135,2018-07-11 09:04:41
2018-07-11 09:04:41.268,0.78125,-0.07135,2018-07-11 09:04:41
2018-07-11 09:04:41.307,0.785156,0.039606,2018-07-11 09:04:41
2018-07-11 09:04:41.347,0.785156,0.039606,2018-07-11 09:04:41
2018-07-11 09:04:41.386,0.785156,0.039606,2018-07-11 09:04:41
2018-07-11 09:04:41.425,0.785156,0.039606,2018-07-11 09:04:41
2018-07-11 09:04:41.465,0.789063,0.15059,2018-07-11 09:04:41
2018-07-11 09:04:41.504,0.789063,0.15059,2018-07-11 09:04:41
2018-07-11 09:04:41.543,0.789063,0.15059,2018-07-11 09:04:41
2018-07-11 09:04:41.583,0.789063,0.15059,2018-07-11 09:04:41
2018-07-11 09:04:41.622,0.789063,0.15059,2018-07-11 09:04:41
2018-07-11 09:04:41.661,0.777344,-0.182306,2018-07-11 09:04:41
2018-07-11 09:04:41.701,0.789063,0.15059,2018-07-11 09:04:41
2018-07-11 09:04:41.740,0.785156,0.039606,2018-07-11 09:04:41
2018-07-11 09:04:41.779,0.785156,0.039606,2018-07-11 09:04:41
2018-07-11 09:04:41.819,0.785156,0.039606,2018-07-11 09:04:41
2018-07-11 09:04:41.858,0.785156,0.039606,2018-07-11 09:04:41
2018-07-11 09:04:41.897,0.789063,0.15059,2018-07-11 09:04:41
2018-07-11 09:04:41.937,0.785156,0.039606,2018-07-11 09:04:41
2018-07-11 09:04:41.976,0.785156,0.039606,2018-07-11 09:04:41
2018-07-11 09:04:42.015,0.78125,-0.07135,2018-07-11 09:04:42
2018-07-11 09:04:42.055,0.78125,-0.07135,2018-07-11 09:04:42
2018-07-11 09:04:42.094,0.785156,0.039606,2018-07-11 09:04:42
2018-07-11 09:04:42.133,0.78125,-0.07135,2018-07-11 09:04:42
2018-07-11 09:04:42.173,0.785156,0.039606,2018-07-11 09:04:42
2018-07-11 09:04:42.212,0.78125,-0.07135,2018-07-11 09:04:42
2018-07-11 09:04:42.251,0.785156,0.039606,2018-07-11 09:04:42
2018-07-11 09:04:42.291,0.78125,-0.07135,2018-07-11 09:04:42
2018-07-11 09:04:42.330,0.785156,0.039606,2018-07-11 09:04:42
2018-07-11 09:04:42.369,0.785156,0.039606,2018-07-11 09:04:42
2018-07-11 09:04:42.409,0.785156,0.039606,2018-07-11 09:04:42
2018-07-11 09:04:42.448,0.78125,-0.07135,2018-07-11 09:04:42
2018-07-11 09:04:42.487,0.789063,0.15059,2018-07-11 09:04:42
2018-07-11 09:04:42.527,0.785156,0.039606,2018-07-11 09:04:42
2018-07-11 09:04:42.566,0.785156,0.039606,2018-07-11 09:04:42
2018-07-11 09:04:42.605,0.785156,0.039606,2018-07-11 09:04:42
2018-07-11 09:04:42.645,0.785156,0.039606,2018-07-11 09:04:42
2018-07-11 09:04:42.684,0.785156,0.039606,2018-07-11 09:04:42
2018-07-11 09:04:42.723,0.785156,0.039606,2018-07-11 09:04:42
2018-07-11 09:04:42.763,0.78125,-0.07135,2018-07-11 09:04:42
2018-07-11 09:04:42.802,0.78125,-0.07135,2018-07-11 09:04:42
2018-07-11 09:04:42.841,0.789063,0.15059,2018-07-11 09:04:42
2018-07-11 09:04:42.881,0.789063,0.15059,2018-07-11 09:04:42
2018-07-11 09:04:42.920,0.785156,0.039606,2018-07-11 09:04:42
2018-07-11 09:04:42.959,0.785156,0.039606,2018-07-11 09:04:42
2018-07-11 09:04:42.999,0.78125,-0.07135,2018-07-11 09:04:42
2018-07-11 09:04:43.038,0.789063,0.15059,2018-07-11 09:04:43
2018-07-11 09:04:43.077,0.785156,0.039606,2018-07-11 09:04:43
2018-07-11 09:04:43.117,0.785156,0.039606,2018-07-11 09:04:43
2018-07-11 09:04:43.156,0.785156,0.039606,2018-07-11 09:04:43
2018-07-11 09:04:43.195,0.78125,-0.07135,2018-07-11 09:04:43
2018-07-11 09:04:43.235,0.789063,0.15059,2018-07-11 09:04:43
2018-07-11 09:04:43.274,0.789063,0.15059,2018-07-11 09:04:43
2018-07-11 09:04:43.313,0.78125,-0.07135,2018-07-11 09:04:43
2018-07-11 09:04:43.353,0.789063,0.15059,2018-07-11 09:04:43
2018-07-11 09:04:43.392,0.785156,0.039606,2018-07-11 09:04:43
2018-07-11 09:04:43.431,0.785156,0.039606,2018-07-11 09:04:43
2018-07-11 09:04:43.471,0.792969,0.261546,2018-07-11 09:04:43
2018-07-11 09:04:43.510,0.785156,0.039606,2018-07-11 09:04:43
2018-07-11 09:04:43.549,0.789063,0.15059,2018-07-11 09:04:43
2018-07-11 09:04:43.589,0.785156,0.039606,2018-07-11 09:04:43
2018-07-11 09:04:43.628,0.789063,0.15059,2018-07-11 09:04:43
2018-07-11 09:04:43.667,0.785156,0.039606,2018-07-11 09:04:43
2018-07-11 09:04:43.707,0.785156,0.039606,2018-07-11 09:04:43
2018-07-11 09:04:43.746,0.785156,0.039606,2018-07-11 09:04:43
2018-07-11 09:04:43.785,0.789063,0.15059,2018-07-11 09:04:43
2018-07-11 09:04:43.825,0.785156,0.039606,2018-07-11 09:04:43
2018-07-11 09:04:43.864,0.785156,0.039606,2018-07-11 09:04:43
2018-07-11 09:04:43.903,0.785156,0.039606,2018-07-11 09:04:43
2018-07-11 09:04:43.943,0.78125,-0.07135,2018-07-11 09:04:43
2018-07-11 09:04:43.982,0.789063,0.15059,2018-07-11 09:04:43
2018-07-11 09:04:44.021,0.785156,0.039606,2018-07-11 09:04:44
2018-07-11 09:04:44.061,0.78125,-0.07135,2018-07-11 09:04:44
2018-07-11 09:04:44.100,0.785156,0.039606,2018-07-11 09:04:44
2018-07-11 09:04:44.139,0.789063,0.15059,2018-07-11 09:04:44
2018-07-11 09:04:44.179,0.785156,0.039606,2018-07-11 09:04:44
2018-07-11 09:04:44.218,0.785156,0.039606,2018-07-11 09:04:44
2018-07-11 09:04:44.257,0.785156,0.039606,2018-07-11 09:04:44
2018-07-11 09:04:44.297,0.78125,-0.07135,2018-07-11 09:04:44
2018-07-11 09:04:44.336,0.78125,-0.07135,2018-07-11 09:04:44
2018-07-11 09:04:44.375,0.78125,-0.07135,2018-07-11 09:04:44
2018-07-11 09:04:44.415,0.785156,0.039606,2018-07-11 09:04:44
2018-07-11 09:04:44.454,0.785156,0.039606,2018-07-11 09:04:44
2018-07-11 09:04:44.493,0.785156,0.039606,2018-07-11 09:04:44
2018-07-11 09:04:44.533,0.78125,-0.07135,2018-07-11 09:04:44
2018-07-11 09:04:44.572,0.785156,0.039606,2018-07-11 09:04:44
2018-07-11 09:04:44.611,0.785156,0.039606,2018-07-11 09:04:44
2018-07-11 09:04:44.651,0.78125,-0.07135,2018-07-11 09:04:44
2018-07-11 09:04:44.690,0.785156,0.039606,2018-07-11 09:04:44
2018-07-11 09:04:44.729,0.785156,0.039606,2018-07-11 09:04:44
2018-07-11 09:04:44.769,0.78125,-0.07135,2018-07-11 09:04:44
2018-07-11 09:04:44.808,0.785156,0.039606,2018-07-11 09:04:44
2018-07-11 09:04:44.847,0.789063,0.15059,2018-07-11 09:04:44
2018-07-11 09:04:44.887,0.792969,0.261546,2018-07-11 09:04:44
2018-07-11 09:04:44.926,0.785156,0.039606,2018-07-11 09:04:44
2018-07-11 09:04:44.965,0.789063,0.15059,2018-07-11 09:04:44
2018-07-11 09:04:45.005,0.785156,0.039606,2018-07-11 09:04:45
2018-07-11 09:04:45.044,0.785156,0.039606,2018-07-11 09:04:45
2018-07-11 09:04:45.083,0.78125,-0.07135,2018-07-11 09:04:45
2018-07-11 09:04:45.123,0.785156,0.039606,2018-07-11 09:04:45
2018-07-11 09:04:45.162,0.785156,0.039606,2018-07-11 09:04:45
2018-07-11 09:04:45.201,0.78125,-0.07135,2018-07-11 09:04:45
2018-07-11 09:04:45.241,0.785156,0.039606,2018-07-11 09:04:45
2018-07-11 09:04:45.280,0.785156,0.039606,2018-07-11 09:04:45
2018-07-11 09:04:45.319,0.78125,-0.07135,2018-07-11 09:04:45
2018-07-11 09:04:45.359,0.785156,0.039606,2018-07-11 09:04:45
2018-07-11 09:04:45.398,0.789063,0.15059,2018-07-11 09:04:45
2018-07-11 09:04:45.437,0.785156,0.039606,2018-07-11 09:04:45
2018-07-11 09:04:45.477,0.785156,0.039606,2018-07-11 09:04:45
2018-07-11 09:04:45.516,0.777344,-0.182306,2018-07-11 09:04:45
2018-07-11 09:04:45.555,0.785156,0.039606,2018-07-11 09:04:45
2018-07-11 09:04:45.595,0.78125,-0.07135,2018-07-11 09:04:45
2018-07-11 09:04:45.634,0.785156,0.039606,2018-07-11 09:04:45
2018-07-11 09:04:45.673,0.78125,-0.07135,2018-07-11 09:04:45
2018-07-11 09:04:45.713,0.78125,-0.07135,2018-07-11 09:04:45
2018-07-11 09:04:45.752,0.785156,0.039606,2018-07-11 09:04:45
2018-07-11 09:04:45.791,0.78125,-0.07135,2018-07-11 09:04:45
2018-07-11 09:04:45.831,0.78125,-0.07135,2018-07-11 09:04:45
2018-07-11 09:04:45.870,0.773438,-0.293261,2018-07-11 09:04:45
2018-07-11 09:04:45.909,0.785156,0.039606,2018-07-11 09:04:45
2018-07-11 09:04:45.949,0.785156,0.039606,2018-07-11 09:04:45
2018-07-11 09:04:45.988,0.785156,0.039606,2018-07-11 09:04:45
2018-07-11 09:04:46.027,0.785156,0.039606,2018-07-11 09:04:46
2018-07-11 09:04:46.067,0.78125,-0.07135,2018-07-11 09:04:46
2018-07-11 09:04:46.106,0.78125,-0.07135,2018-07-11 09:04:46
2018-07-11 09:04:46.145,0.785156,0.039606,2018-07-11 09:04:46
2018-07-11 09:04:46.185,0.78125,-0.07135,2018-07-11 09:04:46
2018-07-11 09:04:46.224,0.78125,-0.07135,2018-07-11 09:04:46
2018-07-11 09:04:46.263,0.785156,0.039606,2018-07-11 09:04:46
2018-07-11 09:04:46.303,0.785156,0.039606,2018-07-11 09:04:46
2018-07-11 09:04:46.342,0.785156,0.039606,2018-07-11 09:04:46
2018-07-11 09:04:46.381,0.785156,0.039606,2018-07-11 09:04:46
2018-07-11 09:04:46.421,0.78125,-0.07135,2018-07-11 09:04:46
2018-07-11 09:04:46.460,0.785156,0.039606,2018-07-11 09:04:46
2018-07-11 09:04:46.500,0.785156,0.039606,2018-07-11 09:04:46
2018-07-11 09:04:46.539,0.78125,-0.07135,2018-07-11 09:04:46
2018-07-11 09:04:46.578,0.785156,0.039606,2018-07-11 09:04:46
2018-07-11 09:04:46.618,0.785156,0.039606,2018-07-11 09:04:46
2018-07-11 09:04:46.657,0.785156,0.039606,2018-07-11 09:04:46
2018-07-11 09:04:46.696,0.78125,-0.07135,2018-07-11 09:04:46
2018-07-11 09:04:46.736,0.789063,0.15059,2018-07-11 09:04:46
2018-07-11 09:04:46.775,0.785156,0.039606,2018-07-11 09:04:46
2018-07-11 09:04:46.814,0.78125,-0.07135,2018-07-11 09:04:46
2018-07-11 09:04:46.854,0.785156,0.039606,2018-07-11 09:04:46
2018-07-11 09:04:46.893,0.785156,0.039606,2018-07-11 09:04:46
2018-07-11 09:04:46.932,0.785156,0.039606,2018-07-11 09:04:46
2018-07-11 09:04:46.972,0.78125,-0.07135,2018-07-11 09:04:46
2018-07-11 09:04:47.011,0.785156,0.039606,2018-07-11 09:04:47
2018-07-11 09:04:47.050,0.789063,0.15059,2018-07-11 09:04:47
2018-07-11 09:04:47.090,0.785156,0.039606,2018-07-11 09:04:47
2018-07-11 09:04:47.129,0.78125,-0.07135,2018-07-11 09:04:47
2018-07-11 09:04:47.168,0.785156,0.039606,2018-07-11 09:04:47
2018-07-11 09:04:47.208,0.789063,0.15059,2018-07-11 09:04:47
2018-07-11 09:04:47.247,0.785156,0.039606,2018-07-11 09:04:47
2018-07-11 09:04:47.286,0.78125,-0.07135,2018-07-11 09:04:47
2018-07-11 09:04:47.326,0.785156,0.039606,2018-07-11 09:04:47
2018-07-11 09:04:47.365,0.785156,0.039606,2018-07-11 09:04:47
2018-07-11 09:04:47.404,0.78125,-0.07135,2018-07-11 09:04:47
2018-07-11 09:04:47.444,0.785156,0.039606,2018-07-11 09:04:47
2018-07-11 09:04:47.483,0.785156,0.039606,2018-07-11 09:04:47
2018-07-11 09:04:47.522,0.789063,0.15059,2018-07-11 09:04:47
2018-07-11 09:04:47.562,0.789063,0.15059,2018-07-11 09:04:47
2018-07-11 09:04:47.601,0.78125,-0.07135,2018-07-11 09:04:47
2018-07-11 09:04:47.640,0.785156,0.039606,2018-07-11 09:04:47
2018-07-11 09:04:47.680,0.785156,0.039606,2018-07-11 09:04:47
2018-07-11 09:04:47.719,0.785156,0.039606,2018-07-11 09:04:47
2018-07-11 09:04:47.759,0.78125,-0.07135,2018-07-11 09:04:47
2018-07-11 09:04:47.798,0.789063,0.15059,2018-07-11 09:04:47
2018-07-11 09:04:47.838,0.785156,0.039606,2018-07-11 09:04:47
2018-07-11 09:04:47.878,0.78125,-0.07135,2018-07-11 09:04:47
2018-07-11 09:04:47.917,0.789063,0.15059,2018-07-11 09:04:47
2018-07-11 09:04:47.957,0.777344,-0.182306,2018-07-11 09:04:47
2018-07-11 09:04:47.997,0.78125,-0.07135,2018-07-11 09:04:47
2018-07-11 09:04:48.036,0.78125,-0.07135,2018-07-11 09:04:48
2018-07-11 09:04:48.076,0.789063,0.15059,2018-07-11 09:04:48
2018-07-11 09:04:48.116,0.777344,-0.182306,2018-07-11 09:04:48
2018-07-11 09:04:48.156,0.78125,-0.07135,2018-07-11 09:04:48
2018-07-11 09:04:48.195,0.785156,0.039606,2018-07-11 09:04:48
2018-07-11 09:04:48.235,0.78125,-0.07135,2018-07-11 09:04:48
2018-07-11 09:04:48.275,0.789063,0.15059,2018-07-11 09:04:48
2018-07-11 09:04:48.314,0.789063,0.15059,2018-07-11 09:04:48
2018-07-11 09:04:48.354,0.785156,0.039606,2018-07-11 09:04:48
2018-07-11 09:04:48.394,0.78125,-0.07135,2018-07-11 09:04:48
2018-07-11 09:04:48.433,0.792969,0.261546,2018-07-11 09:04:48
2018-07-11 09:04:48.473,0.785156,0.039606,2018-07-11 09:04:48
2018-07-11 09:04:48.513,0.78125,-0.07135,2018-07-11 09:04:48
2018-07-11 09:04:48.552,0.78125,-0.07135,2018-07-11 09:04:48
2018-07-11 09:04:48.592,0.785156,0.039606,2018-07-11 09:04:48
2018-07-11 09:04:48.632,0.78125,-0.07135,2018-07-11 09:04:48
2018-07-11 09:04:48.671,0.785156,0.039606,2018-07-11 09:04:48
2018-07-11 09:04:48.711,0.78125,-0.07135,2018-07-11 09:04:48
2018-07-11 09:04:48.750,0.78125,-0.07135,2018-07-11 09:04:48
2018-07-11 09:04:48.790,0.785156,0.039606,2018-07-11 09:04:48
2018-07-11 09:04:48.830,0.78125,-0.07135,2018-07-11 09:04:48
2018-07-11 09:04:48.869,0.785156,0.039606,2018-07-11 09:04:48
2018-07-11 09:04:48.909,0.785156,0.039606,2018-07-11 09:04:48
2018-07-11 09:04:48.949,0.777344,-0.182306,2018-07-11 09:04:48
2018-07-11 09:04:48.988,0.789063,0.15059,2018-07-11 09:04:48
2018-07-11 09:04:49.028,0.785156,0.039606,2018-07-11 09:04:49
2018-07-11 09:04:49.068,0.78125,-0.07135,2018-07-11 09:04:49
2018-07-11 09:04:49.108,0.792969,0.261546,2018-07-11 09:04:49
2018-07-11 09:04:49.147,0.789063,0.15059,2018-07-11 09:04:49
2018-07-11 09:04:49.187,0.785156,0.039606,2018-07-11 09:04:49
2018-07-11 09:04:49.227,0.785156,0.039606,2018-07-11 09:04:49
2018-07-11 09:04:49.266,0.785156,0.039606,2018-07-11 09:04:49
2018-07-11 09:04:49.306,0.789063,0.15059,2018-07-11 09:04:49
2018-07-11 09:04:49.346,0.78125,-0.07135,2018-07-11 09:04:49
2018-07-11 09:04:49.385,0.785156,0.039606,2018-07-11 09:04:49
2018-07-11 09:04:49.425,0.789063,0.15059,2018-07-11 09:04:49
2018-07-11 09:04:49.465,0.785156,0.039606,2018-07-11 09:04:49
2018-07-11 09:04:49.504,0.785156,0.039606,2018-07-11 09:04:49
2018-07-11 09:04:49.544,0.789063,0.15059,2018-07-11 09:04:49
2018-07-11 09:04:49.583,0.785156,0.039606,2018-07-11 09:04:49
2018-07-11 09:04:49.623,0.785156,0.039606,2018-07-11 09:04:49
2018-07-11 09:04:49.663,0.78125,-0.07135,2018-07-11 09:04:49
2018-07-11 09:04:49.702,0.785156,0.039606,2018-07-11 09:04:49
2018-07-11 09:04:49.742,0.789063,0.15059,2018-07-11 09:04:49
2018-07-11 09:04:49.782,0.785156,0.039606,2018-07-11 09:04:49
2018-07-11 09:04:49.821,0.78125,-0.07135,2018-07-11 09:04:49
2018-07-11 09:04:49.861,0.785156,0.039606,2018-07-11 09:04:49
2018-07-11 09:04:49.901,0.789063,0.15059,2018-07-11 09:04:49
2018-07-11 09:04:49.941,0.789063,0.15059,2018-07-11 09:04:49
2018-07-11 09:04:49.980,0.789063,0.15059,2018-07-11 09:04:49
2018-07-11 09:04:50.020,0.78125,-0.07135,2018-07-11 09:04:50
2018-07-11 09:04:50.060,0.78125,-0.07135,2018-07-11 09:04:50
2018-07-11 09:04:50.099,0.78125,-0.07135,2018-07-11 09:04:50
2018-07-11 09:04:50.139,0.789063,0.15059,2018-07-11 09:04:50
2018-07-11 09:04:50.179,0.78125,-0.07135,2018-07-11 09:04:50
2018-07-11 09:04:50.218,0.785156,0.039606,2018-07-11 09:04:50
2018-07-11 09:04:50.258,0.785156,0.039606,2018-07-11 09:04:50
2018-07-11 09:04:50.298,0.785156,0.039606,2018-07-11 09:04:50
2018-07-11 09:04:50.337,0.78125,-0.07135,2018-07-11 09:04:50
2018-07-11 09:04:50.377,0.785156,0.039606,2018-07-11 09:04:50
2018-07-11 09:04:50.416,0.789063,0.15059,2018-07-11 09:04:50
2018-07-11 09:04:50.456,0.78125,-0.07135,2018-07-11 09:04:50
2018-07-11 09:04:50.496,0.78125,-0.07135,2018-07-11 09:04:50
2018-07-11 09:04:50.535,0.785156,0.039606,2018-07-11 09:04:50
2018-07-11 09:04:50.575,0.78125,-0.07135,2018-07-11 09:04:50
2018-07-11 09:04:50.615,0.78125,-0.07135,2018-07-11 09:04:50
2018-07-11 09:04:50.654,0.789063,0.15059,2018-07-11 09:04:50
2018-07-11 09:04:50.694,0.785156,0.039606,2018-07-11 09:04:50
2018-07-11 09:04:50.734,0.785156,0.039606,2018-07-11 09:04:50
2018-07-11 09:04:50.774,0.785156,0.039606,2018-07-11 09:04:50
2018-07-11 09:04:50.813,0.777344,-0.182306,2018-07-11 09:04:50
2018-07-11 09:04:50.853,0.789063,0.15059,2018-07-11 09:04:50
2018-07-11 09:04:50.893,0.789063,0.15059,2018-07-11 09:04:50
2018-07-11 09:04:50.932,0.78125,-0.07135,2018-07-11 09:04:50
2018-07-11 09:04:50.972,0.78125,-0.07135,2018-07-11 09:04:50
2018-07-11 09:04:51.012,0.78125,-0.07135,2018-07-11 09:04:51
2018-07-11 09:04:51.051,0.792969,0.261546,2018-07-11 09:04:51
2018-07-11 09:04:51.091,0.785156,0.039606,2018-07-11 09:04:51
2018-07-11 09:04:51.131,0.785156,0.039606,2018-07-11 09:04:51
2018-07-11 09:04:51.170,0.789063,0.15059,2018-07-11 09:04:51
2018-07-11 09:04:51.210,0.789063,0.15059,2018-07-11 09:04:51
2018-07-11 09:04:51.250,0.785156,0.039606,2018-07-11 09:04:51
2018-07-11 09:04:51.289,0.785156,0.039606,2018-07-11 09:04:51
2018-07-11 09:04:51.329,0.785156,0.039606,2018-07-11 09:04:51
2018-07-11 09:04:51.368,0.785156,0.039606,2018-07-11 09:04:51
2018-07-11 09:04:51.408,0.785156,0.039606,2018-07-11 09:04:51
2018-07-11 09:04:51.448,0.78125,-0.07135,2018-07-11 09:04:51
2018-07-11 09:04:51.487,0.78125,-0.07135,2018-07-11 09:04:51
2018-07-11 09:04:51.527,0.785156,0.039606,2018-07-11 09:04:51
2018-07-11 09:04:51.567,0.78125,-0.07135,2018-07-11 09:04:51
2018-07-11 09:04:51.606,0.78125,-0.07135,2018-07-11 09:04:51
2018-07-11 09:04:51.646,0.789063,0.15059,2018-07-11 09:04:51
2018-07-11 09:04:51.686,0.785156,0.039606,2018-07-11 09:04:51
2018-07-11 09:04:51.726,0.785156,0.039606,2018-07-11 09:04:51
2018-07-11 09:04:51.765,0.785156,0.039606,2018-07-11 09:04:51
2018-07-11 09:04:51.805,0.78125,-0.07135,2018-07-11 09:04:51
2018-07-11 09:04:51.845,0.785156,0.039606,2018-07-11 09:04:51
2018-07-11 09:04:51.884,0.789063,0.15059,2018-07-11 09:04:51
2018-07-11 09:04:51.924,0.78125,-0.07135,2018-07-11 09:04:51
2018-07-11 09:04:51.964,0.785156,0.039606,2018-07-11 09:04:51
2018-07-11 09:04:52.003,0.78125,-0.07135,2018-07-11 09:04:52
2018-07-11 09:04:52.043,0.785156,0.039606,2018-07-11 09:04:52
2018-07-11 09:04:52.083,0.789063,0.15059,2018-07-11 09:04:52
2018-07-11 09:04:52.122,0.78125,-0.07135,2018-07-11 09:04:52
2018-07-11 09:04:52.162,0.78125,-0.07135,2018-07-11 09:04:52
2018-07-11 09:04:52.201,0.785156,0.039606,2018-07-11 09:04:52
2018-07-11 09:04:52.241,0.785156,0.039606,2018-07-11 09:04:52
2018-07-11 09:04:52.281,0.785156,0.039606,2018-07-11 09:04:52
2018-07-11 09:04:52.320,0.789063,0.15059,2018-07-11 09:04:52
2018-07-11 09:04:52.360,0.785156,0.039606,2018-07-11 09:04:52
2018-07-11 09:04:52.400,0.785156,0.039606,2018-07-11 09:04:52
2018-07-11 09:04:52.439,0.785156,0.039606,2018-07-11 09:04:52
2018-07-11 09:04:52.479,0.785156,0.039606,2018-07-11 09:04:52
2018-07-11 09:04:52.518,0.789063,0.15059,2018-07-11 09:04:52
2018-07-11 09:04:52.557,0.78125,-0.07135,2018-07-11 09:04:52
2018-07-11 09:04:52.597,0.785156,0.039606,2018-07-11 09:04:52
2018-07-11 09:04:52.636,0.789063,0.15059,2018-07-11 09:04:52
2018-07-11 09:04:52.675,0.785156,0.039606,2018-07-11 09:04:52
2018-07-11 09:04:52.715,0.78125,-0.07135,2018-07-11 09:04:52
2018-07-11 09:04:52.754,0.785156,0.039606,2018-07-11 09:04:52
2018-07-11 09:04:52.793,0.789063,0.15059,2018-07-11 09:04:52
2018-07-11 09:04:52.833,0.785156,0.039606,2018-07-11 09:04:52
2018-07-11 09:04:52.872,0.785156,0.039606,2018-07-11 09:04:52
2018-07-11 09:04:52.911,0.785156,0.039606,2018-07-11 09:04:52
2018-07-11 09:04:52.951,0.785156,0.039606,2018-07-11 09:04:52
2018-07-11 09:04:52.990,0.773438,-0.293261,2018-07-11 09:04:52
2018-07-11 09:04:53.029,0.785156,0.039606,2018-07-11 09:04:53
2018-07-11 09:04:53.069,0.785156,0.039606,2018-07-11 09:04:53
2018-07-11 09:04:53.108,0.785156,0.039606,2018-07-11 09:04:53
2018-07-11 09:04:53.147,0.789063,0.15059,2018-07-11 09:04:53
2018-07-11 09:04:53.187,0.785156,0.039606,2018-07-11 09:04:53
2018-07-11 09:04:53.226,0.785156,0.039606,2018-07-11 09:04:53
2018-07-11 09:04:53.265,0.78125,-0.07135,2018-07-11 09:04:53
2018-07-11 09:04:53.305,0.785156,0.039606,2018-07-11 09:04:53
2018-07-11 09:04:53.344,0.785156,0.039606,2018-07-11 09:04:53
2018-07-11 09:04:53.383,0.78125,-0.07135,2018-07-11 09:04:53
2018-07-11 09:04:53.423,0.785156,0.039606,2018-07-11 09:04:53
2018-07-11 09:04:53.462,0.792969,0.261546,2018-07-11 09:04:53
2018-07-11 09:04:53.501,0.785156,0.039606,2018-07-11 09:04:53
2018-07-11 09:04:53.541,0.785156,0.039606,2018-07-11 09:04:53
2018-07-11 09:04:53.580,0.785156,0.039606,2018-07-11 09:04:53
2018-07-11 09:04:53.619,0.78125,-0.07135,2018-07-11 09:04:53
2018-07-11 09:04:53.659,0.789063,0.15059,2018-07-11 09:04:53
2018-07-11 09:04:53.698,0.785156,0.039606,2018-07-11 09:04:53
2018-07-11 09:04:53.737,0.78125,-0.07135,2018-07-11 09:04:53
2018-07-11 09:04:53.777,0.785156,0.039606,2018-07-11 09:04:53
2018-07-11 09:04:53.816,0.78125,-0.07135,2018-07-11 09:04:53
2018-07-11 09:04:53.855,0.78125,-0.07135,2018-07-11 09:04:53
2018-07-11 09:04:53.895,0.792969,0.261546,2018-07-11 09:04:53
2018-07-11 09:04:53.934,0.78125,-0.07135,2018-07-11 09:04:53
2018-07-11 09:04:53.973,0.789063,0.15059,2018-07-11 09:04:53
2018-07-11 09:04:54.013,0.785156,0.039606,2018-07-11 09:04:54
2018-07-11 09:04:54.052,0.785156,0.039606,2018-07-11 09:04:54
2018-07-11 09:04:54.091,0.78125,-0.07135,2018-07-11 09:04:54
2018-07-11 09:04:54.131,0.785156,0.039606,2018-07-11 09:04:54
2018-07-11 09:04:54.170,0.785156,0.039606,2018-07-11 09:04:54
2018-07-11 09:04:54.209,0.78125,-0.07135,2018-07-11 09:04:54
2018-07-11 09:04:54.249,0.78125,-0.07135,2018-07-11 09:04:54
2018-07-11 09:04:54.288,0.78125,-0.07135,2018-07-11 09:04:54
2018-07-11 09:04:54.327,0.785156,0.039606,2018-07-11 09:04:54
2018-07-11 09:04:54.367,0.78125,-0.07135,2018-07-11 09:04:54
2018-07-11 09:04:54.406,0.785156,0.039606,2018-07-11 09:04:54
2018-07-11 09:04:54.445,0.78125,-0.07135,2018-07-11 09:04:54
2018-07-11 09:04:54.485,0.78125,-0.07135,2018-07-11 09:04:54
2018-07-11 09:04:54.524,0.785156,0.039606,2018-07-11 09:04:54
2018-07-11 09:04:54.563,0.785156,0.039606,2018-07-11 09:04:54
2018-07-11 09:04:54.603,0.785156,0.039606,2018-07-11 09:04:54
2018-07-11 09:04:54.642,0.78125,-0.07135,2018-07-11 09:04:54
2018-07-11 09:04:54.681,0.785156,0.039606,2018-07-11 09:04:54
2018-07-11 09:04:54.721,0.785156,0.039606,2018-07-11 09:04:54
2018-07-11 09:04:54.760,0.785156,0.039606,2018-07-11 09:04:54
2018-07-11 09:04:54.799,0.785156,0.039606,2018-07-11 09:04:54
2018-07-11 09:04:54.839,0.785156,0.039606,2018-07-11 09:04:54
2018-07-11 09:04:54.878,0.785156,0.039606,2018-07-11 09:04:54
2018-07-11 09:04:54.917,0.78125,-0.07135,2018-07-11 09:04:54
2018-07-11 09:04:54.957,0.78125,-0.07135,2018-07-11 09:04:54
2018-07-11 09:04:54.996,0.792969,0.261546,2018-07-11 09:04:54
2018-07-11 09:04:55.035,0.785156,0.039606,2018-07-11 09:04:55
2018-07-11 09:04:55.075,0.78125,-0.07135,2018-07-11 09:04:55
2018-07-11 09:04:55.114,0.785156,0.039606,2018-07-11 09:04:55
2018-07-11 09:04:55.153,0.777344,-0.182306,2018-07-11 09:04:55
2018-07-11 09:04:55.193,0.78125,-0.07135,2018-07-11 09:04:55
2018-07-11 09:04:55.232,0.785156,0.039606,2018-07-11 09:04:55
2018-07-11 09:04:55.271,0.785156,0.039606,2018-07-11 09:04:55
2018-07-11 09:04:55.311,0.785156,0.039606,2018-07-11 09:04:55
2018-07-11 09:04:55.350,0.785156,0.039606,2018-07-11 09:04:55
2018-07-11 09:04:55.389,0.78125,-0.07135,2018-07-11 09:04:55
2018-07-11 09:04:55.429,0.785156,0.039606,2018-07-11 09:04:55
2018-07-11 09:04:55.468,0.785156,0.039606,2018-07-11 09:04:55
2018-07-11 09:04:55.507,0.785156,0.039606,2018-07-11 09:04:55
2018-07-11 09:04:55.547,0.78125,-0.07135,2018-07-11 09:04:55
2018-07-11 09:04:55.586,0.785156,0.039606,2018-07-11 09:04:55
2018-07-11 09:04:55.625,0.785156,0.039606,2018-07-11 09:04:55
2018-07-11 09:04:55.665,0.78125,-0.07135,2018-07-11 09:04:55
2018-07-11 09:04:55.704,0.78125,-0.07135,2018-07-11 09:04:55
2018-07-11 09:04:55.743,0.785156,0.039606,2018-07-11 09:04:55
2018-07-11 09:04:55.783,0.78125,-0.07135,2018-07-11 09:04:55
2018-07-11 09:04:55.822,0.785156,0.039606,2018-07-11 09:04:55
2018-07-11 09:04:55.861,0.78125,-0.07135,2018-07-11 09:04:55
2018-07-11 09:04:55.901,0.785156,0.039606,2018-07-11 09:04:55
2018-07-11 09:04:55.940,0.785156,0.039606,2018-07-11 09:04:55
2018-07-11 09:04:55.979,0.785156,0.039606,2018-07-11 09:04:55
2018-07-11 09:04:56.019,0.785156,0.039606,2018-07-11 09:04:56
2018-07-11 09:04:56.058,0.785156,0.039606,2018-07-11 09:04:56
2018-07-11 09:04:56.097,0.785156,0.039606,2018-07-11 09:04:56
2018-07-11 09:04:56.137,0.785156,0.039606,2018-07-11 09:04:56
2018-07-11 09:04:56.176,0.785156,0.039606,2018-07-11 09:04:56
2018-07-11 09:04:56.215,0.78125,-0.07135,2018-07-11 09:04:56
2018-07-11 09:04:56.255,0.789063,0.15059,2018-07-11 09:04:56
2018-07-11 09:04:56.294,0.785156,0.039606,2018-07-11 09:04:56
2018-07-11 09:04:56.333,0.785156,0.039606,2018-07-11 09:04:56
2018-07-11 09:04:56.373,0.789063,0.15059,2018-07-11 09:04:56
2018-07-11 09:04:56.412,0.785156,0.039606,2018-07-11 09:04:56
2018-07-11 09:04:56.451,0.785156,0.039606,2018-07-11 09:04:56
2018-07-11 09:04:56.491,0.78125,-0.07135,2018-07-11 09:04:56
2018-07-11 09:04:56.530,0.78125,-0.07135,2018-07-11 09:04:56
2018-07-11 09:04:56.569,0.78125,-0.07135,2018-07-11 09:04:56
2018-07-11 09:04:56.609,0.785156,0.039606,2018-07-11 09:04:56
2018-07-11 09:04:56.648,0.78125,-0.07135,2018-07-11 09:04:56
2018-07-11 09:04:56.687,0.785156,0.039606,2018-07-11 09:04:56
2018-07-11 09:04:56.727,0.785156,0.039606,2018-07-11 09:04:56
2018-07-11 09:04:56.766,0.785156,0.039606,2018-07-11 09:04:56
2018-07-11 09:04:56.805,0.78125,-0.07135,2018-07-11 09:04:56
2018-07-11 09:04:56.845,0.785156,0.039606,2018-07-11 09:04:56
2018-07-11 09:04:56.884,0.785156,0.039606,2018-07-11 09:04:56
2018-07-11 09:04:56.923,0.785156,0.039606,2018-07-11 09:04:56
2018-07-11 09:04:56.963,0.785156,0.039606,2018-07-11 09:04:56
2018-07-11 09:04:57.002,0.785156,0.039606,2018-07-11 09:04:57
2018-07-11 09:04:57.041,0.785156,0.039606,2018-07-11 09:04:57
2018-07-11 09:04:57.081,0.789063,0.15059,2018-07-11 09:04:57
2018-07-11 09:04:57.120,0.78125,-0.07135,2018-07-11 09:04:57
2018-07-11 09:04:57.159,0.78125,-0.07135,2018-07-11 09:04:57
2018-07-11 09:04:57.199,0.785156,0.039606,2018-07-11 09:04:57
2018-07-11 09:04:57.239,0.78125,-0.07135,2018-07-11 09:04:57
2018-07-11 09:04:57.278,0.777344,-0.182306,2018-07-11 09:04:57
2018-07-11 09:04:57.318,0.78125,-0.07135,2018-07-11 09:04:57
2018-07-11 09:04:57.358,0.777344,-0.182306,2018-07-11 09:04:57
2018-07-11 09:04:57.397,0.785156,0.039606,2018-07-11 09:04:57
2018-07-11 09:04:57.437,0.789063,0.15059,2018-07-11 09:04:57
2018-07-11 09:04:57.477,0.789063,0.15059,2018-07-11 09:04:57
2018-07-11 09:04:57.516,0.785156,0.039606,2018-07-11 09:04:57
2018-07-11 09:04:57.556,0.777344,-0.182306,2018-07-11 09:04:57
2018-07-11 09:04:57.596,0.785156,0.039606,2018-07-11 09:04:57
2018-07-11 09:04:57.636,0.789063,0.15059,2018-07-11 09:04:57
2018-07-11 09:04:57.675,0.789063,0.15059,2018-07-11 09:04:57
2018-07-11 09:04:57.715,0.785156,0.039606,2018-07-11 09:04:57
2018-07-11 09:04:57.755,0.785156,0.039606,2018-07-11 09:04:57
2018-07-11 09:04:57.794,0.78125,-0.07135,2018-07-11 09:04:57
2018-07-11 09:04:57.834,0.78125,-0.07135,2018-07-11 09:04:57
2018-07-11 09:04:57.874,0.789063,0.15059,2018-07-11 09:04:57
2018-07-11 09:04:57.913,0.78125,-0.07135,2018-07-11 09:04:57
2018-07-11 09:04:57.953,0.78125,-0.07135,2018-07-11 09:04:57
2018-07-11 09:04:57.993,0.789063,0.15059,2018-07-11 09:04:57
2018-07-11 09:04:58.032,0.785156,0.039606,2018-07-11 09:04:58
2018-07-11 09:04:58.072,0.789063,0.15059,2018-07-11 09:04:58
2018-07-11 09:04:58.111,0.78125,-0.07135,2018-07-11 09:04:58
2018-07-11 09:04:58.151,0.785156,0.039606,2018-07-11 09:04:58
2018-07-11 09:04:58.191,0.78125,-0.07135,2018-07-11 09:04:58
2018-07-11 09:04:58.230,0.78125,-0.07135,2018-07-11 09:04:58
2018-07-11 09:04:58.270,0.785156,0.039606,2018-07-11 09:04:58
2018-07-11 09:04:58.310,0.78125,-0.07135,2018-07-11 09:04:58
2018-07-11 09:04:58.349,0.78125,-0.07135,2018-07-11 09:04:58
2018-07-11 09:04:58.389,0.789063,0.15059,2018-07-11 09:04:58
2018-07-11 09:04:58.429,0.789063,0.15059,2018-07-11 09:04:58
2018-07-11 09:04:58.469,0.785156,0.039606,2018-07-11 09:04:58
2018-07-11 09:04:58.508,0.78125,-0.07135,2018-07-11 09:04:58
2018-07-11 09:04:58.548,0.785156,0.039606,2018-07-11 09:04:58
2018-07-11 09:04:58.588,0.789063,0.15059,2018-07-11 09:04:58
2018-07-11 09:04:58.627,0.789063,0.15059,2018-07-11 09:04:58
2018-07-11 09:04:58.667,0.785156,0.039606,2018-07-11 09:04:58
2018-07-11 09:04:58.707,0.777344,-0.182306,2018-07-11 09:04:58
2018-07-11 09:04:58.746,0.78125,-0.07135,2018-07-11 09:04:58
2018-07-11 09:04:58.786,0.785156,0.039606,2018-07-11 09:04:58
2018-07-11 09:04:58.826,0.785156,0.039606,2018-07-11 09:04:58
2018-07-11 09:04:58.865,0.785156,0.039606,2018-07-11 09:04:58
2018-07-11 09:04:58.905,0.785156,0.039606,2018-07-11 09:04:58
2018-07-11 09:04:58.944,0.785156,0.039606,2018-07-11 09:04:58
2018-07-11 09:04:58.984,0.789063,0.15059,2018-07-11 09:04:58
2018-07-11 09:04:59.024,0.785156,0.039606,2018-07-11 09:04:59
2018-07-11 09:04:59.063,0.78125,-0.07135,2018-07-11 09:04:59
2018-07-11 09:04:59.103,0.785156,0.039606,2018-07-11 09:04:59
2018-07-11 09:04:59.143,0.785156,0.039606,2018-07-11 09:04:59
2018-07-11 09:04:59.182,0.789063,0.15059,2018-07-11 09:04:59
2018-07-11 09:04:59.222,0.78125,-0.07135,2018-07-11 09:04:59
2018-07-11 09:04:59.262,0.789063,0.15059,2018-07-11 09:04:59
2018-07-11 09:04:59.302,0.78125,-0.07135,2018-07-11 09:04:59
2018-07-11 09:04:59.341,0.785156,0.039606,2018-07-11 09:04:59
2018-07-11 09:04:59.381,0.78125,-0.07135,2018-07-11 09:04:59
2018-07-11 09:04:59.421,0.789063,0.15059,2018-07-11 09:04:59
2018-07-11 09:04:59.460,0.785156,0.039606,2018-07-11 09:04:59
2018-07-11 09:04:59.500,0.785156,0.039606,2018-07-11 09:04:59
2018-07-11 09:04:59.540,0.785156,0.039606,2018-07-11 09:04:59
2018-07-11 09:04:59.579,0.785156,0.039606,2018-07-11 09:04:59
2018-07-11 09:04:59.619,0.785156,0.039606,2018-07-11 09:04:59
2018-07-11 09:04:59.659,0.785156,0.039606,2018-07-11 09:04:59
2018-07-11 09:04:59.698,0.78125,-0.07135,2018-07-11 09:04:59
2018-07-11 09:04:59.738,0.785156,0.039606,2018-07-11 09:04:59
2018-07-11 09:04:59.777,0.785156,0.039606,2018-07-11 09:04:59
2018-07-11 09:04:59.817,0.789063,0.15059,2018-07-11 09:04:59
2018-07-11 09:04:59.857,0.789063,0.15059,2018-07-11 09:04:59
2018-07-11 09:04:59.896,0.785156,0.039606,2018-07-11 09:04:59
2018-07-11 09:04:59.936,0.785156,0.039606,2018-07-11 09:04:59
2018-07-11 09:04:59.976,0.785156,0.039606,2018-07-11 09:04:59
